user_id,segment_id,segment_name,lifecycle_stage,lifecycle_day,day_offset,notif_1_template_id,notif_1_time,notif_1_channel,notif_2_template_id,notif_2_time,notif_2_channel,notif_3_template_id,notif_3_time,notif_3_channel,notif_4_template_id,notif_4_time,notif_4_channel,notif_5_template_id,notif_5_time,notif_5_channel
U0000,4,Balanced Learners,trial,D46,0,T0206,18:45,push,T0208,13:15,push,T0207,20:00,push,T0209,14:30,push,T0210,20:45,push
U0000,4,Balanced Learners,trial,D47,1,T0225,19:15,push,T0224,14:45,push,T0222,20:15,push,T0221,12:15,push,T0223,18:45,push
U0000,4,Balanced Learners,trial,D48,2,T0225,19:45,push,T0224,14:45,push,T0222,19:15,push,T0223,13:45,push,T0221,19:15,push
U0000,4,Balanced Learners,trial,D49,3,T0216,20:00,push,T0218,12:15,push,T0219,19:15,push,T0217,12:00,push,T0220,19:15,push
U0000,4,Balanced Learners,trial,D50,4,T0217,18:00,push,T0219,13:45,push,T0220,20:15,push,T0218,14:15,push,T0216,20:30,push
U0000,4,Balanced Learners,trial,D51,5,T0220,19:15,push,T0218,12:15,push,T0219,20:30,push,T0216,12:45,push,T0217,20:45,push
U0000,4,Balanced Learners,trial,D52,6,T0214,18:00,push,T0215,14:30,push,T0212,19:45,push,T0211,13:15,push,T0213,20:00,push
U0001,0,Balanced Learners 0,inactive,D11,0,T0010,15:00,push,T0008,18:15,push,T0009,16:00,push,T0006,20:45,push,T0007,17:00,push
U0001,0,Balanced Learners 0,inactive,D12,1,T0006,17:15,push,T0007,18:00,push,T0010,15:00,push,T0008,20:30,push,T0009,16:30,push
U0001,0,Balanced Learners 0,inactive,D13,2,T0009,15:15,push,T0010,18:45,push,T0006,16:45,push,T0007,18:30,push,T0008,15:00,push
U0001,0,Balanced Learners 0,inactive,D14,3,T0007,17:15,push,T0008,18:15,push,T0006,16:30,push,T0009,18:15,push,T0010,17:45,push
U0001,0,Balanced Learners 0,inactive,D15,4,T0008,16:45,push,T0007,18:30,push,T0010,15:45,push,T0006,18:00,push,T0009,16:45,push
U0001,0,Balanced Learners 0,inactive,D16,5,T0007,15:45,push,T0008,18:30,push,T0006,16:30,push,T0009,19:00,push,T0010,15:30,push
U0001,0,Balanced Learners 0,inactive,D17,6,T0008,15:30,push,T0009,18:30,push,T0010,15:30,push,T0006,19:30,push,T0007,17:30,push
U0002,0,Balanced Learners 0,paid,D61,0,T0021,17:00,push,T0022,19:15,push,T0023,17:30,push,T0024,20:45,push,,,
U0002,0,Balanced Learners 0,paid,D62,1,T0022,16:30,push,T0024,18:15,push,T0023,17:15,push,T0021,20:30,push,,,
U0002,0,Balanced Learners 0,paid,D63,2,T0021,17:00,push,T0023,18:00,push,T0022,15:45,push,T0025,19:30,push,,,
U0002,0,Balanced Learners 0,paid,D64,3,T0025,16:30,push,T0024,20:30,push,T0022,17:45,push,T0021,20:45,push,,,
U0002,0,Balanced Learners 0,paid,D65,4,T0025,16:45,push,T0023,19:45,push,T0024,17:00,push,T0022,19:45,push,,,
U0002,0,Balanced Learners 0,paid,D66,5,T0023,15:45,push,T0025,18:00,push,T0021,16:00,push,T0022,19:30,push,,,
U0002,0,Balanced Learners 0,paid,D67,6,T0025,15:30,push,T0021,19:45,push,T0023,16:15,push,T0024,20:00,push,,,
U0003,6,Social Competitors,paid,D79,0,T0292,09:45,push,T0291,07:30,push,T0294,11:45,push,T0295,06:30,push,,,
U0003,6,Social Competitors,paid,D80,1,T0293,10:30,push,T0291,08:15,push,T0292,09:15,push,T0295,06:00,push,,,
U0003,6,Social Competitors,paid,D81,2,T0294,10:30,push,T0293,07:30,push,T0291,10:00,push,T0295,06:00,push,,,
U0003,6,Social Competitors,paid,D82,3,T0293,10:00,push,T0292,08:30,push,T0295,09:30,push,T0294,08:00,push,,,
U0003,6,Social Competitors,paid,D83,4,T0293,10:45,push,T0292,07:30,push,T0295,09:45,push,T0294,07:30,push,,,
U0003,6,Social Competitors,paid,D84,5,T0292,11:15,push,T0291,06:15,push,T0295,09:30,push,T0294,07:30,push,,,
U0003,6,Social Competitors,paid,D85,6,T0293,11:15,push,T0292,08:30,push,T0294,11:00,push,T0291,08:45,push,,,
U0004,0,Balanced Learners 0,trial,D87,0,T0026,16:15,push,T0027,19:15,push,T0028,17:00,push,T0029,19:30,push,T0030,17:15,push
U0004,0,Balanced Learners 0,trial,D88,1,T0042,16:00,push,T0043,18:15,push,T0045,15:00,push,T0041,19:00,push,T0044,16:15,push
U0004,0,Balanced Learners 0,trial,D89,2,T0042,16:45,push,T0043,18:15,push,T0044,17:30,push,T0045,20:30,push,T0041,15:00,push
U0004,0,Balanced Learners 0,trial,D90,3,T0039,15:00,push,T0037,20:45,push,T0038,17:15,push,T0036,19:00,push,T0040,15:30,push
U0004,0,Balanced Learners 0,trial,D91,4,T0036,16:45,push,T0037,19:30,push,T0040,16:30,push,T0039,19:15,push,T0038,15:00,push
U0004,0,Balanced Learners 0,trial,D92,5,T0037,15:15,push,T0040,19:30,push,T0038,17:45,push,T0039,19:45,push,T0036,15:00,push
U0004,0,Balanced Learners 0,trial,D93,6,T0033,15:45,push,T0034,19:45,push,T0032,16:45,push,T0035,18:00,push,T0031,15:00,push
U0005,6,Social Competitors,trial,D82,0,T0298,09:15,push,T0297,08:00,push,T0300,09:45,push,T0296,06:00,push,T0299,10:30,push
U0005,6,Social Competitors,trial,D83,1,T0311,09:15,push,T0313,08:30,push,T0314,09:15,push,T0312,06:45,push,T0315,11:00,push
U0005,6,Social Competitors,trial,D84,2,T0312,11:45,push,T0311,06:15,push,T0314,09:00,push,T0313,07:30,push,T0315,10:15,push
U0005,6,Social Competitors,trial,D85,3,T0310,09:15,push,T0308,08:00,push,T0306,09:30,push,T0309,07:30,push,T0307,10:00,push
U0005,6,Social Competitors,trial,D86,4,T0307,11:00,push,T0309,07:30,push,T0308,11:30,push,T0306,07:15,push,T0310,09:00,push
U0005,6,Social Competitors,trial,D87,5,T0310,09:00,push,T0308,06:15,push,T0309,10:15,push,T0307,08:30,push,T0306,11:15,push
U0005,6,Social Competitors,trial,D88,6,T0301,10:00,push,T0305,08:45,push,T0303,09:00,push,T0302,08:15,push,T0304,09:30,push
U0006,5,Social Competitors 5,trial,D7,0,T0253,14:45,push,T0255,20:45,push,T0252,14:00,push,T0254,20:30,push,T0251,13:30,push
U0006,5,Social Competitors 5,trial,D8,1,T0267,12:45,push,T0266,20:45,push,T0270,14:00,push,T0268,20:30,push,T0269,13:00,push
U0006,5,Social Competitors 5,trial,D9,2,T0270,13:30,push,T0268,19:00,push,T0266,13:15,push,T0269,19:15,push,T0267,12:15,push
U0006,5,Social Competitors 5,trial,D10,3,T0264,12:45,push,T0261,19:30,push,T0265,14:30,push,T0262,18:15,push,T0263,13:15,push
U0006,5,Social Competitors 5,trial,D11,4,T0262,13:00,push,T0265,20:45,push,T0264,14:15,push,T0261,18:45,push,T0263,12:45,push
U0006,5,Social Competitors 5,trial,D12,5,T0262,14:45,push,T0261,18:45,push,T0263,14:00,push,T0265,20:15,push,T0264,14:00,push
U0006,5,Social Competitors 5,trial,D13,6,T0257,13:45,push,T0260,20:30,push,T0259,12:45,push,T0258,19:45,push,T0256,13:00,push
U0007,3,Independent Learners,churned,D20,0,T0140,09:30,push,T0137,15:15,push,,,,,,,,,
U0007,3,Independent Learners,churned,D21,1,T0136,10:15,push,T0139,16:30,push,,,,,,,,,
U0007,3,Independent Learners,churned,D22,2,T0140,09:15,push,T0136,15:15,push,,,,,,,,,
U0007,3,Independent Learners,churned,D23,3,T0136,11:00,push,T0139,15:00,push,,,,,,,,,
U0007,3,Independent Learners,churned,D24,4,T0137,11:30,push,T0136,15:15,push,,,,,,,,,
U0007,3,Independent Learners,churned,D25,5,T0139,09:30,push,T0138,17:00,push,,,,,,,,,
U0007,3,Independent Learners,churned,D26,6,T0137,09:45,push,T0138,17:15,push,,,,,,,,,
U0008,0,Balanced Learners 0,paid,D80,0,T0024,15:45,push,T0022,18:15,push,T0023,15:45,push,T0021,20:15,push,T0025,15:00,push
U0008,0,Balanced Learners 0,paid,D81,1,T0024,16:45,push,T0023,20:30,push,T0021,16:00,push,T0025,18:00,push,T0022,17:30,push
U0008,0,Balanced Learners 0,paid,D82,2,T0025,15:30,push,T0021,20:00,push,T0024,17:15,push,T0022,18:00,push,T0023,16:30,push
U0008,0,Balanced Learners 0,paid,D83,3,T0025,16:30,push,T0024,18:30,push,T0022,15:00,push,T0021,20:15,push,T0023,15:00,push
U0008,0,Balanced Learners 0,paid,D84,4,T0023,16:30,push,T0024,20:00,push,T0021,17:15,push,T0022,18:45,push,T0025,15:30,push
U0008,0,Balanced Learners 0,paid,D85,5,T0023,17:30,push,T0025,20:00,push,T0021,15:15,push,T0022,19:15,push,T0024,16:00,push
U0008,0,Balanced Learners 0,paid,D86,6,T0021,16:00,push,T0023,20:30,push,T0025,17:45,push,T0022,19:00,push,T0024,15:30,push
U0009,4,Balanced Learners,paid,D86,0,T0202,19:00,push,T0204,12:15,push,T0203,18:00,push,T0205,13:00,push,,,
U0009,4,Balanced Learners,paid,D87,1,T0204,18:15,push,T0205,12:15,push,T0201,20:15,push,T0203,13:15,push,,,
U0009,4,Balanced Learners,paid,D88,2,T0204,19:00,push,T0201,12:15,push,T0203,19:15,push,T0205,12:00,push,,,
U0009,4,Balanced Learners,paid,D89,3,T0203,19:00,push,T0202,12:45,push,T0204,19:30,push,T0201,14:30,push,,,
U0009,4,Balanced Learners,paid,D90,4,T0202,18:00,push,T0201,13:00,push,T0203,20:45,push,T0205,12:30,push,,,
U0009,4,Balanced Learners,paid,D91,5,T0204,20:30,push,T0201,14:00,push,T0205,20:45,push,T0202,14:15,push,,,
U0009,4,Balanced Learners,paid,D92,6,T0203,18:15,push,T0202,12:30,push,T0205,19:15,push,T0204,12:45,push,,,
U0010,0,Balanced Learners 0,trial,D79,0,T0026,17:30,push,T0030,18:00,push,T0028,16:45,push,T0027,20:00,push,T0029,15:45,push
U0010,0,Balanced Learners 0,trial,D80,1,T0042,16:15,push,T0041,20:45,push,T0045,17:30,push,T0043,18:15,push,T0044,16:30,push
U0010,0,Balanced Learners 0,trial,D81,2,T0045,15:00,push,T0043,18:45,push,T0042,16:00,push,T0041,19:15,push,T0044,16:45,push
U0010,0,Balanced Learners 0,trial,D82,3,T0036,16:30,push,T0038,18:45,push,T0040,15:30,push,T0039,20:30,push,T0037,17:15,push
U0010,0,Balanced Learners 0,trial,D83,4,T0039,17:45,push,T0036,20:00,push,T0040,16:00,push,T0037,19:30,push,T0038,16:00,push
U0010,0,Balanced Learners 0,trial,D84,5,T0040,16:30,push,T0039,19:30,push,T0038,15:15,push,T0037,20:30,push,T0036,17:15,push
U0010,0,Balanced Learners 0,trial,D85,6,T0032,15:15,push,T0035,18:15,push,T0033,16:45,push,T0031,20:00,push,T0034,15:15,push
U0011,7,Casual Learners,inactive,D69,0,T0324,09:30,push,T0325,20:30,push,T0321,10:30,push,T0323,20:45,push,T0322,09:00,push
U0011,7,Casual Learners,inactive,D70,1,T0325,11:15,push,T0324,18:45,push,T0322,09:00,push,T0321,20:30,push,T0323,09:45,push
U0011,7,Casual Learners,inactive,D71,2,T0324,10:00,push,T0322,18:15,push,T0323,10:30,push,T0325,20:30,push,T0321,10:30,push
U0011,7,Casual Learners,inactive,D72,3,T0324,10:00,push,T0322,20:30,push,T0321,11:45,push,T0323,19:30,push,T0325,10:15,push
U0011,7,Casual Learners,inactive,D73,4,T0324,11:00,push,T0325,20:30,push,T0321,11:45,push,T0323,19:00,push,T0322,09:00,push
U0011,7,Casual Learners,inactive,D74,5,T0323,09:45,push,T0325,20:45,push,T0321,10:15,push,T0322,19:00,push,T0324,11:15,push
U0011,7,Casual Learners,inactive,D75,6,T0324,09:45,push,T0325,20:15,push,T0321,09:30,push,T0322,20:15,push,T0323,10:30,push
U0012,3,Independent Learners,churned,D71,0,T0139,09:00,push,T0136,16:45,push,,,,,,,,,
U0012,3,Independent Learners,churned,D72,1,T0138,11:00,push,T0137,15:45,push,,,,,,,,,
U0012,3,Independent Learners,churned,D73,2,T0138,09:45,push,T0137,15:00,push,,,,,,,,,
U0012,3,Independent Learners,churned,D74,3,T0139,10:15,push,T0138,15:45,push,,,,,,,,,
U0012,3,Independent Learners,churned,D75,4,T0138,10:30,push,T0140,15:15,push,,,,,,,,,
U0012,3,Independent Learners,churned,D76,5,T0138,09:45,push,T0139,15:15,push,,,,,,,,,
U0012,3,Independent Learners,churned,D77,6,T0136,11:45,push,T0137,16:30,push,,,,,,,,,
U0013,6,Social Competitors,trial,D24,0,T0297,10:00,push,T0296,07:15,push,T0298,10:15,push,T0299,07:30,push,T0300,11:15,push
U0013,6,Social Competitors,trial,D25,1,T0315,09:45,push,T0312,08:15,push,T0311,11:45,push,T0314,06:30,push,T0313,11:00,push
U0013,6,Social Competitors,trial,D26,2,T0311,09:15,push,T0314,07:15,push,T0315,11:00,push,T0312,08:00,push,T0313,09:00,push
U0013,6,Social Competitors,trial,D27,3,T0308,11:00,push,T0307,08:15,push,T0309,09:15,push,T0306,06:30,push,T0310,10:00,push
U0013,6,Social Competitors,trial,D28,4,T0310,11:15,push,T0307,06:45,push,T0309,10:00,push,T0308,06:15,push,T0306,11:45,push
U0013,6,Social Competitors,trial,D29,5,T0306,10:00,push,T0308,07:30,push,T0310,11:45,push,T0307,06:15,push,T0309,11:45,push
U0013,6,Social Competitors,trial,D30,6,T0305,11:45,push,T0301,06:15,push,T0303,09:00,push,T0304,06:30,push,T0302,11:00,push
U0014,6,Social Competitors,trial,D81,0,T0300,10:30,push,T0297,06:30,push,T0299,09:30,push,T0298,06:00,push,T0296,09:15,push
U0014,6,Social Competitors,trial,D82,1,T0313,10:45,push,T0312,06:00,push,T0315,10:00,push,T0311,06:15,push,T0314,10:30,push
U0014,6,Social Competitors,trial,D83,2,T0313,10:00,push,T0314,06:00,push,T0311,10:30,push,T0315,08:45,push,T0312,11:00,push
U0014,6,Social Competitors,trial,D84,3,T0309,11:15,push,T0310,08:30,push,T0307,09:00,push,T0308,06:45,push,T0306,09:45,push
U0014,6,Social Competitors,trial,D85,4,T0307,09:45,push,T0308,06:30,push,T0310,11:15,push,T0309,07:30,push,T0306,10:00,push
U0014,6,Social Competitors,trial,D86,5,T0307,10:00,push,T0310,07:00,push,T0309,09:45,push,T0306,07:45,push,T0308,11:45,push
U0014,6,Social Competitors,trial,D87,6,T0302,09:30,push,T0301,08:15,push,T0304,10:45,push,T0303,07:45,push,T0305,10:15,push
U0015,0,Balanced Learners 0,trial,D88,0,T0029,15:30,push,T0028,19:45,push,T0027,15:00,push,T0030,18:15,push,T0026,15:00,push
U0015,0,Balanced Learners 0,trial,D89,1,T0044,15:15,push,T0042,19:00,push,T0045,17:45,push,T0041,20:15,push,T0043,15:30,push
U0015,0,Balanced Learners 0,trial,D90,2,T0044,15:00,push,T0043,18:45,push,T0041,17:15,push,T0042,20:30,push,T0045,17:45,push
U0015,0,Balanced Learners 0,trial,D91,3,T0038,15:15,push,T0036,19:00,push,T0037,17:45,push,T0039,19:45,push,T0040,16:45,push
U0015,0,Balanced Learners 0,trial,D92,4,T0038,17:30,push,T0040,18:15,push,T0039,17:00,push,T0036,19:15,push,T0037,16:45,push
U0015,0,Balanced Learners 0,trial,D93,5,T0039,16:45,push,T0038,20:45,push,T0040,16:45,push,T0036,19:00,push,T0037,15:45,push
U0015,0,Balanced Learners 0,trial,D94,6,T0033,17:30,push,T0032,20:15,push,T0035,16:30,push,T0031,18:15,push,T0034,16:15,push
U0016,3,Independent Learners,trial,D11,0,T0162,10:30,push,T0164,17:45,push,T0161,09:00,push,T0165,16:00,push,T0163,11:00,push
U0016,3,Independent Learners,trial,D12,1,T0179,11:15,push,T0178,15:15,push,T0180,10:00,push,T0177,16:45,push,T0176,10:15,push
U0016,3,Independent Learners,trial,D13,2,T0176,10:45,push,T0179,15:30,push,T0180,11:30,push,T0178,17:00,push,T0177,10:30,push
U0016,3,Independent Learners,trial,D14,3,T0173,10:30,push,T0175,17:45,push,T0172,09:00,push,T0174,16:15,push,T0171,10:30,push
U0016,3,Independent Learners,trial,D15,4,T0173,10:30,push,T0171,16:30,push,T0175,10:45,push,T0174,15:45,push,T0172,11:45,push
U0016,3,Independent Learners,trial,D16,5,T0173,10:15,push,T0175,17:00,push,T0171,10:15,push,T0174,15:45,push,T0172,09:15,push
U0016,3,Independent Learners,trial,D17,6,T0170,09:15,push,T0168,16:15,push,T0166,11:15,push,T0167,17:30,push,T0169,10:00,push
U0017,6,Social Competitors,paid,D14,0,T0295,10:30,push,T0292,07:30,push,T0293,11:15,push,T0291,06:15,push,,,
U0017,6,Social Competitors,paid,D15,1,T0292,11:30,push,T0294,08:30,push,T0291,10:00,push,T0295,06:00,push,,,
U0017,6,Social Competitors,paid,D16,2,T0294,10:15,push,T0295,06:15,push,T0292,10:00,push,T0293,08:45,push,,,
U0017,6,Social Competitors,paid,D17,3,T0291,10:30,push,T0294,06:30,push,T0292,11:30,push,T0295,06:15,push,,,
U0017,6,Social Competitors,paid,D18,4,T0294,09:30,push,T0293,07:45,push,T0291,09:45,push,T0295,08:30,push,,,
U0017,6,Social Competitors,paid,D19,5,T0291,09:15,push,T0292,08:45,push,T0293,10:00,push,T0295,07:00,push,,,
U0017,6,Social Competitors,paid,D20,6,T0291,09:15,push,T0294,07:15,push,T0292,09:45,push,T0293,07:15,push,,,
U0018,5,Social Competitors 5,paid,D58,0,T0250,14:00,push,T0249,18:45,push,T0248,12:15,push,T0246,18:45,push,T0247,14:45,push
U0018,5,Social Competitors 5,paid,D59,1,T0250,13:45,push,T0248,18:45,push,T0249,12:45,push,T0247,20:30,push,T0246,12:30,push
U0018,5,Social Competitors 5,paid,D60,2,T0246,12:15,push,T0249,20:00,push,T0248,13:45,push,T0247,20:00,push,T0250,12:30,push
U0018,5,Social Competitors 5,paid,D61,3,T0248,13:15,push,T0250,20:15,push,T0246,14:45,push,T0249,19:00,push,T0247,13:15,push
U0018,5,Social Competitors 5,paid,D62,4,T0248,13:30,push,T0247,18:45,push,T0246,12:15,push,T0249,20:15,push,T0250,12:30,push
U0018,5,Social Competitors 5,paid,D63,5,T0250,14:00,push,T0246,18:15,push,T0248,13:45,push,T0249,20:15,push,T0247,13:30,push
U0018,5,Social Competitors 5,paid,D64,6,T0249,12:00,push,T0246,20:45,push,T0250,14:15,push,T0247,19:15,push,T0248,14:30,push
U0019,0,Balanced Learners 0,trial,D25,0,T0030,16:30,push,T0028,20:00,push,T0026,15:30,push,T0027,19:00,push,T0029,15:15,push
U0019,0,Balanced Learners 0,trial,D26,1,T0045,16:00,push,T0044,20:45,push,T0041,16:00,push,T0043,19:15,push,T0042,15:30,push
U0019,0,Balanced Learners 0,trial,D27,2,T0044,16:00,push,T0041,18:30,push,T0042,17:00,push,T0045,18:45,push,T0043,17:15,push
U0019,0,Balanced Learners 0,trial,D28,3,T0036,17:45,push,T0039,20:30,push,T0040,17:45,push,T0038,18:30,push,T0037,15:00,push
U0019,0,Balanced Learners 0,trial,D29,4,T0040,17:00,push,T0037,18:45,push,T0036,17:45,push,T0039,19:15,push,T0038,16:45,push
U0019,0,Balanced Learners 0,trial,D30,5,T0039,15:30,push,T0038,20:15,push,T0036,16:30,push,T0037,20:45,push,T0040,17:45,push
U0019,0,Balanced Learners 0,trial,D31,6,T0034,15:45,push,T0033,19:45,push,T0031,17:30,push,T0032,20:00,push,T0035,17:30,push
U0020,3,Independent Learners,paid,D25,0,T0156,09:00,push,T0160,15:45,push,T0157,09:15,push,T0158,16:00,push,T0159,09:00,push
U0020,3,Independent Learners,paid,D26,1,T0158,10:00,push,T0160,17:00,push,T0157,11:45,push,T0156,17:45,push,T0159,11:15,push
U0020,3,Independent Learners,paid,D27,2,T0157,10:00,push,T0159,17:15,push,T0160,09:00,push,T0158,17:30,push,T0156,11:30,push
U0020,3,Independent Learners,paid,D28,3,T0156,09:00,push,T0157,16:45,push,T0158,11:45,push,T0160,17:45,push,T0159,09:45,push
U0020,3,Independent Learners,paid,D29,4,T0158,11:30,push,T0157,15:15,push,T0156,09:15,push,T0159,17:00,push,T0160,09:45,push
U0020,3,Independent Learners,paid,D30,5,T0158,11:00,push,T0159,15:15,push,T0160,10:45,push,T0156,16:45,push,T0157,09:15,push
U0020,3,Independent Learners,paid,D31,6,T0156,11:00,push,T0157,16:30,push,T0158,10:15,push,T0159,15:30,push,T0160,09:00,push
U0021,0,Balanced Learners 0,trial,D46,0,T0026,15:00,push,T0029,20:15,push,T0030,16:15,push,T0028,20:45,push,T0027,16:00,push
U0021,0,Balanced Learners 0,trial,D47,1,T0044,16:30,push,T0043,18:30,push,T0042,16:45,push,T0041,20:00,push,T0045,17:45,push
U0021,0,Balanced Learners 0,trial,D48,2,T0045,16:15,push,T0044,20:30,push,T0043,16:30,push,T0041,18:15,push,T0042,15:45,push
U0021,0,Balanced Learners 0,trial,D49,3,T0036,16:00,push,T0038,20:30,push,T0039,17:15,push,T0040,19:30,push,T0037,17:15,push
U0021,0,Balanced Learners 0,trial,D50,4,T0038,16:00,push,T0037,19:30,push,T0039,15:15,push,T0040,20:15,push,T0036,15:15,push
U0021,0,Balanced Learners 0,trial,D51,5,T0036,17:45,push,T0040,20:30,push,T0039,17:15,push,T0038,20:15,push,T0037,15:15,push
U0021,0,Balanced Learners 0,trial,D52,6,T0033,16:45,push,T0035,19:15,push,T0034,17:00,push,T0031,20:30,push,T0032,16:45,push
U0022,4,Balanced Learners,trial,D31,0,T0210,19:15,push,T0206,12:45,push,T0207,18:30,push,T0208,14:30,push,T0209,19:30,push
U0022,4,Balanced Learners,trial,D32,1,T0221,18:00,push,T0224,14:30,push,T0225,20:30,push,T0222,14:30,push,T0223,19:30,push
U0022,4,Balanced Learners,trial,D33,2,T0225,18:30,push,T0221,13:00,push,T0222,18:45,push,T0224,13:15,push,T0223,19:00,push
U0022,4,Balanced Learners,trial,D34,3,T0219,20:45,push,T0220,14:15,push,T0216,20:00,push,T0218,12:00,push,T0217,20:45,push
U0022,4,Balanced Learners,trial,D35,4,T0218,19:30,push,T0217,12:15,push,T0220,18:00,push,T0216,12:45,push,T0219,20:00,push
U0022,4,Balanced Learners,trial,D36,5,T0217,18:15,push,T0219,13:30,push,T0218,19:45,push,T0216,13:45,push,T0220,18:00,push
U0022,4,Balanced Learners,trial,D37,6,T0213,18:15,push,T0211,13:30,push,T0215,18:15,push,T0212,12:00,push,T0214,20:45,push
U0023,5,Social Competitors 5,trial,D9,0,T0255,14:45,push,T0251,18:30,push,T0254,12:00,push,T0252,20:45,push,T0253,12:00,push
U0023,5,Social Competitors 5,trial,D10,1,T0268,12:00,push,T0267,20:45,push,T0270,14:45,push,T0269,19:45,push,T0266,14:45,push
U0023,5,Social Competitors 5,trial,D11,2,T0266,13:30,push,T0269,19:30,push,T0268,13:00,push,T0267,20:00,push,T0270,13:15,push
U0023,5,Social Competitors 5,trial,D12,3,T0261,14:45,push,T0262,18:45,push,T0265,14:30,push,T0264,20:30,push,T0263,13:00,push
U0023,5,Social Competitors 5,trial,D13,4,T0263,12:30,push,T0265,19:15,push,T0261,12:00,push,T0264,18:15,push,T0262,12:30,push
U0023,5,Social Competitors 5,trial,D14,5,T0265,13:00,push,T0261,19:45,push,T0264,12:45,push,T0262,19:45,push,T0263,12:30,push
U0023,5,Social Competitors 5,trial,D15,6,T0260,12:15,push,T0258,19:45,push,T0259,13:45,push,T0256,19:30,push,T0257,13:15,push
U0024,4,Balanced Learners,paid,D15,0,T0202,19:45,push,T0203,13:15,push,T0205,19:30,push,T0201,14:00,push,,,
U0024,4,Balanced Learners,paid,D16,1,T0204,20:00,push,T0205,12:15,push,T0201,20:15,push,T0202,13:45,push,,,
U0024,4,Balanced Learners,paid,D17,2,T0205,20:45,push,T0202,14:45,push,T0204,19:30,push,T0203,14:30,push,,,
U0024,4,Balanced Learners,paid,D18,3,T0204,19:30,push,T0205,14:45,push,T0201,19:45,push,T0202,14:30,push,,,
U0024,4,Balanced Learners,paid,D19,4,T0205,19:30,push,T0202,14:15,push,T0201,20:00,push,T0203,13:45,push,,,
U0024,4,Balanced Learners,paid,D20,5,T0203,18:30,push,T0204,14:15,push,T0205,19:45,push,T0202,14:15,push,,,
U0024,4,Balanced Learners,paid,D21,6,T0203,18:15,push,T0204,14:15,push,T0201,19:30,push,T0205,14:00,push,,,
U0025,4,Balanced Learners,churned,D70,0,T0185,18:15,push,T0182,14:00,push,,,,,,,,,
U0025,4,Balanced Learners,churned,D71,1,T0181,18:30,push,T0183,14:00,push,,,,,,,,,
U0025,4,Balanced Learners,churned,D72,2,T0183,18:45,push,T0185,13:45,push,,,,,,,,,
U0025,4,Balanced Learners,churned,D73,3,T0182,19:45,push,T0181,13:45,push,,,,,,,,,
U0025,4,Balanced Learners,churned,D74,4,T0181,20:00,push,T0184,13:30,push,,,,,,,,,
U0025,4,Balanced Learners,churned,D75,5,T0181,20:15,push,T0183,14:15,push,,,,,,,,,
U0025,4,Balanced Learners,churned,D76,6,T0183,19:15,push,T0185,14:30,push,,,,,,,,,
U0026,5,Social Competitors 5,trial,D16,0,T0254,12:30,push,T0251,19:15,push,T0255,14:00,push,T0253,20:15,push,T0252,13:00,push
U0026,5,Social Competitors 5,trial,D17,1,T0269,14:00,push,T0266,20:15,push,T0270,13:30,push,T0268,19:15,push,T0267,12:15,push
U0026,5,Social Competitors 5,trial,D18,2,T0270,14:00,push,T0266,19:30,push,T0267,12:45,push,T0268,19:45,push,T0269,14:45,push
U0026,5,Social Competitors 5,trial,D19,3,T0265,12:15,push,T0263,19:15,push,T0264,14:15,push,T0262,18:30,push,T0261,12:00,push
U0026,5,Social Competitors 5,trial,D20,4,T0265,12:45,push,T0262,20:15,push,T0264,14:15,push,T0261,20:00,push,T0263,12:45,push
U0026,5,Social Competitors 5,trial,D21,5,T0262,14:45,push,T0265,18:45,push,T0263,12:00,push,T0261,19:00,push,T0264,14:15,push
U0026,5,Social Competitors 5,trial,D22,6,T0260,13:45,push,T0259,18:15,push,T0258,14:00,push,T0257,19:00,push,T0256,13:15,push
U0027,4,Balanced Learners,paid,D22,0,T0203,20:30,push,T0204,13:00,push,T0201,19:30,push,T0202,12:00,push,T0205,20:00,push
U0027,4,Balanced Learners,paid,D23,1,T0202,19:30,push,T0201,12:45,push,T0203,18:00,push,T0205,13:45,push,T0204,19:30,push
U0027,4,Balanced Learners,paid,D24,2,T0203,20:15,push,T0204,14:30,push,T0201,18:45,push,T0202,13:00,push,T0205,18:00,push
U0027,4,Balanced Learners,paid,D25,3,T0203,19:00,push,T0201,14:45,push,T0204,18:30,push,T0205,14:00,push,T0202,19:45,push
U0027,4,Balanced Learners,paid,D26,4,T0202,19:15,push,T0203,14:45,push,T0205,20:00,push,T0201,13:30,push,T0204,20:00,push
U0027,4,Balanced Learners,paid,D27,5,T0202,18:30,push,T0201,13:15,push,T0203,19:15,push,T0204,12:30,push,T0205,19:00,push
U0027,4,Balanced Learners,paid,D28,6,T0201,18:00,push,T0202,14:45,push,T0204,19:45,push,T0203,14:00,push,T0205,19:00,push
U0028,0,Balanced Learners 0,paid,D25,0,T0023,15:45,push,T0021,19:45,push,T0022,16:15,push,T0025,20:30,push,T0024,17:30,push
U0028,0,Balanced Learners 0,paid,D26,1,T0022,17:15,push,T0024,20:00,push,T0021,16:00,push,T0025,18:30,push,T0023,16:00,push
U0028,0,Balanced Learners 0,paid,D27,2,T0025,16:15,push,T0023,18:00,push,T0022,15:00,push,T0021,19:30,push,T0024,16:45,push
U0028,0,Balanced Learners 0,paid,D28,3,T0023,16:45,push,T0024,19:45,push,T0025,15:15,push,T0021,18:15,push,T0022,15:30,push
U0028,0,Balanced Learners 0,paid,D29,4,T0025,15:00,push,T0022,18:30,push,T0021,15:45,push,T0023,19:30,push,T0024,17:15,push
U0028,0,Balanced Learners 0,paid,D30,5,T0023,16:45,push,T0025,20:30,push,T0024,15:00,push,T0022,20:00,push,T0021,16:00,push
U0028,0,Balanced Learners 0,paid,D31,6,T0025,16:00,push,T0024,18:45,push,T0021,17:00,push,T0023,18:00,push,T0022,17:15,push
U0029,0,Balanced Learners 0,trial,D84,0,T0029,15:00,push,T0026,18:30,push,T0030,16:30,push,T0027,18:15,push,T0028,16:45,push
U0029,0,Balanced Learners 0,trial,D85,1,T0043,15:00,push,T0041,20:30,push,T0045,15:30,push,T0042,20:00,push,T0044,17:30,push
U0029,0,Balanced Learners 0,trial,D86,2,T0041,17:30,push,T0043,18:30,push,T0042,16:00,push,T0044,18:00,push,T0045,17:30,push
U0029,0,Balanced Learners 0,trial,D87,3,T0038,17:30,push,T0037,18:15,push,T0039,17:30,push,T0036,20:15,push,T0040,16:30,push
U0029,0,Balanced Learners 0,trial,D88,4,T0038,17:45,push,T0037,20:15,push,T0036,17:45,push,T0039,20:45,push,T0040,16:30,push
U0029,0,Balanced Learners 0,trial,D89,5,T0037,16:30,push,T0036,19:30,push,T0040,16:15,push,T0039,20:15,push,T0038,17:30,push
U0029,0,Balanced Learners 0,trial,D90,6,T0033,16:00,push,T0035,20:45,push,T0034,16:30,push,T0032,18:30,push,T0031,17:30,push
U0030,5,Social Competitors 5,paid,D85,0,T0249,13:30,push,T0248,18:30,push,T0250,14:30,push,T0246,19:15,push,T0247,13:00,push
U0030,5,Social Competitors 5,paid,D86,1,T0248,14:45,push,T0247,18:45,push,T0249,12:15,push,T0250,18:00,push,T0246,14:15,push
U0030,5,Social Competitors 5,paid,D87,2,T0246,12:00,push,T0249,19:15,push,T0247,12:30,push,T0248,19:30,push,T0250,14:00,push
U0030,5,Social Competitors 5,paid,D88,3,T0250,13:00,push,T0248,18:15,push,T0247,12:00,push,T0249,19:00,push,T0246,13:00,push
U0030,5,Social Competitors 5,paid,D89,4,T0250,13:00,push,T0248,18:45,push,T0249,12:30,push,T0247,20:45,push,T0246,14:15,push
U0030,5,Social Competitors 5,paid,D90,5,T0249,13:30,push,T0248,18:45,push,T0247,14:00,push,T0250,19:00,push,T0246,14:45,push
U0030,5,Social Competitors 5,paid,D91,6,T0249,13:15,push,T0248,20:45,push,T0246,13:00,push,T0250,18:00,push,T0247,14:15,push
U0031,0,Balanced Learners 0,trial,D6,0,T0029,15:45,push,T0028,19:00,push,T0030,16:45,push,T0026,18:00,push,T0027,15:00,push
U0031,0,Balanced Learners 0,trial,D7,1,T0043,15:45,push,T0042,18:00,push,T0041,16:45,push,T0044,20:30,push,T0045,15:15,push
U0031,0,Balanced Learners 0,trial,D8,2,T0044,17:30,push,T0042,18:15,push,T0041,15:45,push,T0043,19:30,push,T0045,17:15,push
U0031,0,Balanced Learners 0,trial,D9,3,T0038,15:30,push,T0040,18:30,push,T0039,17:45,push,T0036,20:00,push,T0037,16:45,push
U0031,0,Balanced Learners 0,trial,D10,4,T0040,17:00,push,T0038,19:30,push,T0039,17:45,push,T0036,18:30,push,T0037,15:45,push
U0031,0,Balanced Learners 0,trial,D11,5,T0037,16:15,push,T0036,19:00,push,T0038,17:00,push,T0039,18:30,push,T0040,16:45,push
U0031,0,Balanced Learners 0,trial,D12,6,T0034,17:30,push,T0031,20:00,push,T0032,15:00,push,T0035,19:00,push,T0033,16:45,push
U0032,0,Balanced Learners 0,trial,D13,0,T0026,15:45,push,T0030,19:00,push,T0027,15:45,push,T0028,18:45,push,T0029,15:30,push
U0032,0,Balanced Learners 0,trial,D14,1,T0041,15:30,push,T0044,20:30,push,T0042,15:00,push,T0045,19:30,push,T0043,15:15,push
U0032,0,Balanced Learners 0,trial,D15,2,T0041,16:15,push,T0042,19:15,push,T0044,17:15,push,T0045,18:30,push,T0043,17:45,push
U0032,0,Balanced Learners 0,trial,D16,3,T0040,16:45,push,T0039,19:00,push,T0038,15:15,push,T0036,18:15,push,T0037,15:30,push
U0032,0,Balanced Learners 0,trial,D17,4,T0037,16:15,push,T0040,19:30,push,T0039,17:30,push,T0036,18:45,push,T0038,16:30,push
U0032,0,Balanced Learners 0,trial,D18,5,T0036,17:30,push,T0039,19:15,push,T0037,17:45,push,T0040,19:00,push,T0038,17:00,push
U0032,0,Balanced Learners 0,trial,D19,6,T0031,15:45,push,T0033,18:45,push,T0032,15:30,push,T0035,20:30,push,T0034,15:30,push
U0033,7,Casual Learners,inactive,D78,0,T0321,10:15,push,T0325,18:00,push,T0322,10:00,push,T0323,20:15,push,T0324,11:15,push
U0033,7,Casual Learners,inactive,D79,1,T0325,09:30,push,T0323,19:45,push,T0322,10:00,push,T0324,18:45,push,T0321,11:45,push
U0033,7,Casual Learners,inactive,D80,2,T0321,09:45,push,T0323,19:00,push,T0324,11:00,push,T0325,19:30,push,T0322,11:15,push
U0033,7,Casual Learners,inactive,D81,3,T0322,11:45,push,T0324,18:15,push,T0325,09:45,push,T0321,18:45,push,T0323,11:30,push
U0033,7,Casual Learners,inactive,D82,4,T0324,10:45,push,T0323,19:15,push,T0321,10:45,push,T0325,18:00,push,T0322,09:45,push
U0033,7,Casual Learners,inactive,D83,5,T0325,11:30,push,T0321,18:30,push,T0322,11:00,push,T0324,20:45,push,T0323,11:00,push
U0033,7,Casual Learners,inactive,D84,6,T0325,10:15,push,T0321,19:30,push,T0322,09:45,push,T0324,18:30,push,T0323,11:30,push
U0034,1,Social Competitors 1,inactive,D6,0,T0054,07:15,push,T0053,16:15,push,T0052,07:30,push,T0051,15:30,push,,,
U0034,1,Social Competitors 1,inactive,D7,1,T0054,07:45,push,T0051,16:30,push,T0053,06:30,push,T0055,15:00,push,,,
U0034,1,Social Competitors 1,inactive,D8,2,T0051,06:15,push,T0055,15:30,push,T0054,06:15,push,T0053,16:00,push,,,
U0034,1,Social Competitors 1,inactive,D9,3,T0054,06:45,push,T0053,17:45,push,T0052,07:15,push,T0051,17:00,push,,,
U0034,1,Social Competitors 1,inactive,D10,4,T0053,08:15,push,T0054,16:15,push,T0055,06:30,push,T0052,17:15,push,,,
U0034,1,Social Competitors 1,inactive,D11,5,T0051,07:45,push,T0054,15:15,push,T0052,06:15,push,T0053,17:15,push,,,
U0034,1,Social Competitors 1,inactive,D12,6,T0055,08:30,push,T0051,17:45,push,T0052,06:45,push,T0054,16:30,push,,,
U0035,4,Balanced Learners,churned,D8,0,T0181,19:15,push,T0183,14:00,push,,,,,,,,,
U0035,4,Balanced Learners,churned,D9,1,T0183,18:45,push,T0185,14:30,push,,,,,,,,,
U0035,4,Balanced Learners,churned,D10,2,T0181,20:30,push,T0185,14:45,push,,,,,,,,,
U0035,4,Balanced Learners,churned,D11,3,T0181,19:00,push,T0184,12:45,push,,,,,,,,,
U0035,4,Balanced Learners,churned,D12,4,T0183,20:15,push,T0185,12:45,push,,,,,,,,,
U0035,4,Balanced Learners,churned,D13,5,T0185,19:00,push,T0181,13:45,push,,,,,,,,,
U0035,4,Balanced Learners,churned,D14,6,T0185,19:00,push,T0183,14:45,push,,,,,,,,,
U0036,0,Balanced Learners 0,trial,D47,0,T0028,16:45,push,T0030,20:45,push,T0026,16:30,push,T0027,19:45,push,T0029,15:15,push
U0036,0,Balanced Learners 0,trial,D48,1,T0045,15:00,push,T0042,18:00,push,T0044,15:00,push,T0041,18:15,push,T0043,16:00,push
U0036,0,Balanced Learners 0,trial,D49,2,T0045,15:30,push,T0044,19:30,push,T0042,17:15,push,T0043,18:15,push,T0041,15:15,push
U0036,0,Balanced Learners 0,trial,D50,3,T0037,15:30,push,T0039,20:00,push,T0038,16:00,push,T0040,19:15,push,T0036,15:30,push
U0036,0,Balanced Learners 0,trial,D51,4,T0036,17:45,push,T0038,18:00,push,T0040,15:45,push,T0039,19:30,push,T0037,16:45,push
U0036,0,Balanced Learners 0,trial,D52,5,T0039,16:15,push,T0036,19:30,push,T0040,17:30,push,T0038,19:00,push,T0037,17:30,push
U0036,0,Balanced Learners 0,trial,D53,6,T0033,16:00,push,T0031,18:45,push,T0035,15:00,push,T0034,20:15,push,T0032,17:45,push
U0037,6,Social Competitors,trial,D71,0,T0299,11:15,push,T0296,06:00,push,T0298,09:00,push,T0297,07:00,push,T0300,11:00,push
U0037,6,Social Competitors,trial,D72,1,T0311,11:15,push,T0313,07:00,push,T0315,09:45,push,T0312,06:30,push,T0314,11:00,push
U0037,6,Social Competitors,trial,D73,2,T0311,11:30,push,T0315,06:45,push,T0312,11:15,push,T0314,08:00,push,T0313,10:30,push
U0037,6,Social Competitors,trial,D74,3,T0306,11:15,push,T0309,07:30,push,T0308,09:45,push,T0307,08:15,push,T0310,10:15,push
U0037,6,Social Competitors,trial,D75,4,T0306,11:30,push,T0310,08:45,push,T0309,09:30,push,T0308,07:00,push,T0307,11:15,push
U0037,6,Social Competitors,trial,D76,5,T0310,09:30,push,T0306,06:00,push,T0309,11:30,push,T0307,07:30,push,T0308,10:00,push
U0037,6,Social Competitors,trial,D77,6,T0304,11:30,push,T0305,06:30,push,T0302,10:00,push,T0303,08:45,push,T0301,11:30,push
U0038,5,Social Competitors 5,paid,D58,0,T0246,13:30,push,T0248,19:30,push,T0247,12:00,push,T0249,19:30,push,T0250,13:45,push
U0038,5,Social Competitors 5,paid,D59,1,T0246,12:00,push,T0249,19:15,push,T0247,12:45,push,T0248,19:45,push,T0250,14:45,push
U0038,5,Social Competitors 5,paid,D60,2,T0247,13:15,push,T0246,18:00,push,T0248,12:30,push,T0249,20:30,push,T0250,14:30,push
U0038,5,Social Competitors 5,paid,D61,3,T0248,14:00,push,T0247,19:15,push,T0249,12:00,push,T0246,19:45,push,T0250,14:00,push
U0038,5,Social Competitors 5,paid,D62,4,T0248,13:45,push,T0250,19:15,push,T0247,13:00,push,T0249,19:00,push,T0246,14:00,push
U0038,5,Social Competitors 5,paid,D63,5,T0246,12:45,push,T0247,19:30,push,T0248,14:15,push,T0249,20:00,push,T0250,13:00,push
U0038,5,Social Competitors 5,paid,D64,6,T0246,14:30,push,T0248,20:30,push,T0249,13:15,push,T0247,18:00,push,T0250,14:15,push
U0039,7,Casual Learners,paid,D86,0,T0339,10:45,push,T0337,19:30,push,T0340,09:45,push,T0338,19:45,push,T0336,10:45,push
U0039,7,Casual Learners,paid,D87,1,T0337,09:45,push,T0336,19:45,push,T0340,09:30,push,T0339,19:45,push,T0338,11:45,push
U0039,7,Casual Learners,paid,D88,2,T0339,10:15,push,T0338,20:00,push,T0337,11:45,push,T0340,18:45,push,T0336,11:15,push
U0039,7,Casual Learners,paid,D89,3,T0337,11:00,push,T0340,19:45,push,T0339,11:00,push,T0336,19:45,push,T0338,10:00,push
U0039,7,Casual Learners,paid,D90,4,T0338,11:00,push,T0336,20:45,push,T0340,10:15,push,T0339,18:15,push,T0337,11:00,push
U0039,7,Casual Learners,paid,D91,5,T0339,09:00,push,T0340,19:30,push,T0337,09:15,push,T0338,18:15,push,T0336,11:45,push
U0039,7,Casual Learners,paid,D92,6,T0336,10:00,push,T0338,19:15,push,T0337,11:15,push,T0340,20:00,push,T0339,09:45,push
U0040,1,Social Competitors 1,trial,D81,0,T0072,06:30,push,T0075,16:15,push,T0073,08:30,push,T0071,17:00,push,T0074,07:15,push
U0040,1,Social Competitors 1,trial,D82,1,T0086,06:45,push,T0088,16:30,push,T0090,08:00,push,T0087,17:15,push,T0089,08:45,push
U0040,1,Social Competitors 1,trial,D83,2,T0090,07:45,push,T0089,17:15,push,T0086,06:45,push,T0087,17:45,push,T0088,06:00,push
U0040,1,Social Competitors 1,trial,D84,3,T0082,07:45,push,T0081,15:30,push,T0083,08:30,push,T0084,16:30,push,T0085,07:45,push
U0040,1,Social Competitors 1,trial,D85,4,T0083,07:00,push,T0085,17:45,push,T0081,08:00,push,T0084,15:30,push,T0082,07:15,push
U0040,1,Social Competitors 1,trial,D86,5,T0083,08:00,push,T0081,15:15,push,T0084,08:15,push,T0082,17:30,push,T0085,06:00,push
U0040,1,Social Competitors 1,trial,D87,6,T0079,08:45,push,T0076,15:00,push,T0077,08:45,push,T0078,17:00,push,T0080,08:30,push
U0041,7,Casual Learners,paid,D38,0,T0339,11:15,push,T0336,18:45,push,T0338,09:30,push,T0340,20:30,push,T0337,10:00,push
U0041,7,Casual Learners,paid,D39,1,T0339,10:45,push,T0337,18:30,push,T0336,10:00,push,T0338,19:00,push,T0340,10:45,push
U0041,7,Casual Learners,paid,D40,2,T0336,10:15,push,T0338,18:15,push,T0337,10:30,push,T0339,20:30,push,T0340,10:45,push
U0041,7,Casual Learners,paid,D41,3,T0336,11:15,push,T0340,19:00,push,T0338,09:00,push,T0339,19:30,push,T0337,10:30,push
U0041,7,Casual Learners,paid,D42,4,T0338,11:45,push,T0336,18:15,push,T0339,11:15,push,T0340,18:00,push,T0337,11:15,push
U0041,7,Casual Learners,paid,D43,5,T0336,10:00,push,T0339,18:30,push,T0337,09:45,push,T0338,19:45,push,T0340,09:45,push
U0041,7,Casual Learners,paid,D44,6,T0336,10:30,push,T0337,20:30,push,T0340,11:15,push,T0338,19:15,push,T0339,11:00,push
U0042,1,Social Competitors 1,trial,D17,0,T0074,06:00,push,T0073,16:45,push,T0075,08:15,push,T0072,16:30,push,T0071,06:15,push
U0042,1,Social Competitors 1,trial,D18,1,T0087,07:45,push,T0088,16:45,push,T0086,06:00,push,T0089,16:45,push,T0090,07:30,push
U0042,1,Social Competitors 1,trial,D19,2,T0087,08:30,push,T0086,17:00,push,T0089,07:00,push,T0090,15:30,push,T0088,06:00,push
U0042,1,Social Competitors 1,trial,D20,3,T0085,06:15,push,T0084,17:15,push,T0081,08:45,push,T0083,17:00,push,T0082,08:30,push
U0042,1,Social Competitors 1,trial,D21,4,T0085,08:45,push,T0083,17:30,push,T0082,08:30,push,T0081,17:30,push,T0084,06:30,push
U0042,1,Social Competitors 1,trial,D22,5,T0083,08:45,push,T0085,16:30,push,T0081,08:30,push,T0084,17:15,push,T0082,06:45,push
U0042,1,Social Competitors 1,trial,D23,6,T0076,06:30,push,T0077,17:45,push,T0078,07:30,push,T0079,17:15,push,T0080,07:15,push
U0043,6,Social Competitors,inactive,D58,0,T0276,10:30,push,T0278,06:00,push,T0277,10:15,push,T0280,08:30,push,T0279,10:15,push
U0043,6,Social Competitors,inactive,D59,1,T0276,11:15,push,T0280,08:15,push,T0277,10:15,push,T0278,08:00,push,T0279,11:15,push
U0043,6,Social Competitors,inactive,D60,2,T0276,11:30,push,T0278,06:30,push,T0279,11:00,push,T0277,08:00,push,T0280,11:15,push
U0043,6,Social Competitors,inactive,D61,3,T0278,09:15,push,T0280,07:45,push,T0279,11:30,push,T0277,07:45,push,T0276,11:45,push
U0043,6,Social Competitors,inactive,D62,4,T0277,09:15,push,T0280,07:30,push,T0279,11:00,push,T0276,07:45,push,T0278,11:45,push
U0043,6,Social Competitors,inactive,D63,5,T0278,09:30,push,T0276,07:30,push,T0280,10:45,push,T0279,06:30,push,T0277,10:45,push
U0043,6,Social Competitors,inactive,D64,6,T0276,09:45,push,T0277,08:15,push,T0279,11:45,push,T0278,06:30,push,T0280,10:30,push
U0044,3,Independent Learners,trial,D16,0,T0163,11:45,push,T0164,15:15,push,T0162,10:00,push,T0165,15:30,push,T0161,10:30,push
U0044,3,Independent Learners,trial,D17,1,T0180,10:30,push,T0178,16:15,push,T0177,10:00,push,T0176,17:45,push,T0179,11:30,push
U0044,3,Independent Learners,trial,D18,2,T0176,10:00,push,T0180,16:30,push,T0177,10:15,push,T0179,16:30,push,T0178,09:45,push
U0044,3,Independent Learners,trial,D19,3,T0175,09:00,push,T0174,15:30,push,T0173,10:45,push,T0172,17:00,push,T0171,09:00,push
U0044,3,Independent Learners,trial,D20,4,T0173,11:15,push,T0174,16:30,push,T0175,10:00,push,T0171,17:15,push,T0172,10:15,push
U0044,3,Independent Learners,trial,D21,5,T0175,11:00,push,T0172,15:00,push,T0174,09:30,push,T0171,15:00,push,T0173,10:30,push
U0044,3,Independent Learners,trial,D22,6,T0166,10:15,push,T0168,17:00,push,T0170,10:45,push,T0167,17:00,push,T0169,09:15,push
U0045,6,Social Competitors,paid,D13,0,T0295,10:00,push,T0291,06:45,push,T0292,10:30,push,T0293,08:30,push,T0294,09:15,push
U0045,6,Social Competitors,paid,D14,1,T0293,09:15,push,T0291,06:15,push,T0295,11:30,push,T0292,08:15,push,T0294,10:00,push
U0045,6,Social Competitors,paid,D15,2,T0291,11:45,push,T0293,07:30,push,T0294,10:45,push,T0295,08:00,push,T0292,11:00,push
U0045,6,Social Competitors,paid,D16,3,T0295,09:00,push,T0292,07:15,push,T0291,10:30,push,T0293,08:30,push,T0294,10:30,push
U0045,6,Social Competitors,paid,D17,4,T0295,10:00,push,T0291,06:00,push,T0293,10:00,push,T0294,06:45,push,T0292,11:15,push
U0045,6,Social Competitors,paid,D18,5,T0291,11:30,push,T0294,06:45,push,T0293,11:00,push,T0295,06:00,push,T0292,11:00,push
U0045,6,Social Competitors,paid,D19,6,T0295,10:00,push,T0293,08:30,push,T0292,11:15,push,T0294,06:00,push,T0291,10:30,push
U0046,0,Balanced Learners 0,trial,D30,0,T0028,15:15,push,T0027,19:30,push,T0026,15:00,push,T0029,19:30,push,T0030,16:00,push
U0046,0,Balanced Learners 0,trial,D31,1,T0045,16:15,push,T0041,18:00,push,T0044,16:15,push,T0042,19:15,push,T0043,15:30,push
U0046,0,Balanced Learners 0,trial,D32,2,T0041,16:00,push,T0045,18:30,push,T0043,15:15,push,T0044,20:30,push,T0042,16:15,push
U0046,0,Balanced Learners 0,trial,D33,3,T0038,17:15,push,T0036,20:30,push,T0039,16:45,push,T0040,20:45,push,T0037,15:30,push
U0046,0,Balanced Learners 0,trial,D34,4,T0036,16:15,push,T0038,18:45,push,T0040,15:30,push,T0039,18:30,push,T0037,15:00,push
U0046,0,Balanced Learners 0,trial,D35,5,T0039,17:00,push,T0036,19:45,push,T0037,15:15,push,T0040,19:15,push,T0038,16:30,push
U0046,0,Balanced Learners 0,trial,D36,6,T0032,15:30,push,T0033,20:30,push,T0035,17:30,push,T0034,18:15,push,T0031,15:15,push
U0047,7,Casual Learners,paid,D23,0,T0336,11:15,push,T0340,20:00,push,T0337,09:15,push,T0338,18:30,push,T0339,10:45,push
U0047,7,Casual Learners,paid,D24,1,T0339,09:45,push,T0338,19:00,push,T0340,11:45,push,T0337,18:15,push,T0336,11:15,push
U0047,7,Casual Learners,paid,D25,2,T0339,09:30,push,T0336,19:15,push,T0337,11:45,push,T0338,18:30,push,T0340,10:00,push
U0047,7,Casual Learners,paid,D26,3,T0336,09:15,push,T0340,19:45,push,T0339,10:45,push,T0337,18:15,push,T0338,11:45,push
U0047,7,Casual Learners,paid,D27,4,T0338,10:15,push,T0336,20:30,push,T0339,10:30,push,T0340,19:15,push,T0337,09:30,push
U0047,7,Casual Learners,paid,D28,5,T0337,10:30,push,T0339,20:15,push,T0340,11:45,push,T0338,19:00,push,T0336,11:15,push
U0047,7,Casual Learners,paid,D29,6,T0339,10:45,push,T0337,19:45,push,T0336,09:15,push,T0340,18:30,push,T0338,11:00,push
U0048,4,Balanced Learners,paid,D59,0,T0202,20:00,push,T0201,12:15,push,T0204,18:30,push,T0205,13:30,push,,,
U0048,4,Balanced Learners,paid,D60,1,T0204,18:00,push,T0205,13:15,push,T0201,20:30,push,T0202,13:15,push,,,
U0048,4,Balanced Learners,paid,D61,2,T0202,20:15,push,T0203,12:15,push,T0204,18:15,push,T0205,12:00,push,,,
U0048,4,Balanced Learners,paid,D62,3,T0201,18:00,push,T0202,12:15,push,T0204,20:15,push,T0205,12:15,push,,,
U0048,4,Balanced Learners,paid,D63,4,T0204,20:45,push,T0203,12:00,push,T0202,18:30,push,T0201,14:00,push,,,
U0048,4,Balanced Learners,paid,D64,5,T0203,20:45,push,T0201,13:15,push,T0205,20:45,push,T0202,12:30,push,,,
U0048,4,Balanced Learners,paid,D65,6,T0201,19:15,push,T0204,13:45,push,T0203,18:15,push,T0205,12:30,push,,,
U0049,4,Balanced Learners,trial,D44,0,T0208,19:00,push,T0210,12:00,push,T0209,19:45,push,T0206,14:00,push,T0207,19:30,push
U0049,4,Balanced Learners,trial,D45,1,T0221,19:30,push,T0224,12:30,push,T0223,18:15,push,T0222,13:45,push,T0225,19:00,push
U0049,4,Balanced Learners,trial,D46,2,T0222,18:45,push,T0224,13:30,push,T0221,19:45,push,T0223,13:00,push,T0225,20:00,push
U0049,4,Balanced Learners,trial,D47,3,T0217,19:30,push,T0218,13:30,push,T0219,19:15,push,T0216,14:00,push,T0220,20:00,push
U0049,4,Balanced Learners,trial,D48,4,T0218,19:45,push,T0216,13:30,push,T0219,18:45,push,T0217,12:15,push,T0220,20:15,push
U0049,4,Balanced Learners,trial,D49,5,T0216,18:30,push,T0218,13:00,push,T0219,20:30,push,T0217,12:30,push,T0220,18:30,push
U0049,4,Balanced Learners,trial,D50,6,T0212,18:45,push,T0213,13:15,push,T0215,18:45,push,T0214,14:45,push,T0211,18:45,push
U0050,7,Casual Learners,inactive,D2,0,T0321,10:00,push,T0325,19:15,push,T0324,10:15,push,T0322,19:15,push,T0323,09:30,push
U0050,7,Casual Learners,inactive,D3,1,T0323,10:45,push,T0324,20:15,push,T0321,09:15,push,T0322,18:00,push,T0325,09:15,push
U0050,7,Casual Learners,inactive,D4,2,T0323,10:15,push,T0325,18:45,push,T0321,09:15,push,T0322,20:45,push,T0324,10:00,push
U0050,7,Casual Learners,inactive,D5,3,T0321,11:30,push,T0323,20:00,push,T0325,10:30,push,T0322,20:00,push,T0324,10:30,push
U0050,7,Casual Learners,inactive,D6,4,T0321,09:00,push,T0322,19:30,push,T0323,10:45,push,T0324,18:00,push,T0325,09:30,push
U0050,7,Casual Learners,inactive,D7,5,T0321,11:00,push,T0322,18:30,push,T0324,11:45,push,T0325,19:00,push,T0323,09:15,push
U0050,7,Casual Learners,inactive,D8,6,T0322,11:30,push,T0321,19:30,push,T0324,10:15,push,T0325,19:30,push,T0323,09:15,push
U0051,6,Social Competitors,churned,D36,0,T0273,11:00,push,T0275,07:00,push,,,,,,,,,
U0051,6,Social Competitors,churned,D37,1,T0273,09:45,push,T0275,08:00,push,,,,,,,,,
U0051,6,Social Competitors,churned,D38,2,T0274,11:30,push,T0272,08:15,push,,,,,,,,,
U0051,6,Social Competitors,churned,D39,3,T0274,10:45,push,T0273,06:15,push,,,,,,,,,
U0051,6,Social Competitors,churned,D40,4,T0272,09:15,push,T0274,08:15,push,,,,,,,,,
U0051,6,Social Competitors,churned,D41,5,T0272,10:45,push,T0275,06:45,push,,,,,,,,,
U0051,6,Social Competitors,churned,D42,6,T0274,09:00,push,T0271,06:30,push,,,,,,,,,
U0052,0,Balanced Learners 0,inactive,D42,0,T0006,16:30,push,T0009,18:45,push,T0010,15:00,push,T0007,19:00,push,T0008,17:00,push
U0052,0,Balanced Learners 0,inactive,D43,1,T0008,15:15,push,T0010,18:15,push,T0006,16:00,push,T0007,18:30,push,T0009,15:00,push
U0052,0,Balanced Learners 0,inactive,D44,2,T0010,16:45,push,T0008,18:45,push,T0006,17:15,push,T0007,18:45,push,T0009,17:30,push
U0052,0,Balanced Learners 0,inactive,D45,3,T0009,15:45,push,T0006,19:00,push,T0008,17:00,push,T0007,18:30,push,T0010,17:30,push
U0052,0,Balanced Learners 0,inactive,D46,4,T0007,16:45,push,T0010,19:30,push,T0006,15:45,push,T0008,19:45,push,T0009,15:45,push
U0052,0,Balanced Learners 0,inactive,D47,5,T0006,15:30,push,T0009,20:45,push,T0007,15:30,push,T0008,18:45,push,T0010,16:15,push
U0052,0,Balanced Learners 0,inactive,D48,6,T0006,17:30,push,T0009,19:00,push,T0010,16:15,push,T0008,19:15,push,T0007,16:30,push
U0053,1,Social Competitors 1,churned,D39,0,T0046,06:00,push,T0047,17:45,push,,,,,,,,,
U0053,1,Social Competitors 1,churned,D40,1,T0046,06:45,push,T0047,16:30,push,,,,,,,,,
U0053,1,Social Competitors 1,churned,D41,2,T0047,06:00,push,T0050,17:15,push,,,,,,,,,
U0053,1,Social Competitors 1,churned,D42,3,T0046,06:30,push,T0048,17:15,push,,,,,,,,,
U0053,1,Social Competitors 1,churned,D43,4,T0046,07:15,push,T0047,17:45,push,,,,,,,,,
U0053,1,Social Competitors 1,churned,D44,5,T0047,08:00,push,T0048,15:15,push,,,,,,,,,
U0053,1,Social Competitors 1,churned,D45,6,T0047,06:15,push,T0050,16:30,push,,,,,,,,,
U0054,0,Balanced Learners 0,paid,D89,0,T0023,16:45,push,T0021,18:30,push,T0022,17:30,push,T0024,20:00,push,T0025,15:45,push
U0054,0,Balanced Learners 0,paid,D90,1,T0021,15:15,push,T0022,20:45,push,T0024,15:00,push,T0023,19:30,push,T0025,15:00,push
U0054,0,Balanced Learners 0,paid,D91,2,T0022,17:00,push,T0025,20:45,push,T0024,16:00,push,T0023,18:00,push,T0021,15:30,push
U0054,0,Balanced Learners 0,paid,D92,3,T0022,17:15,push,T0024,18:00,push,T0025,17:00,push,T0021,18:15,push,T0023,15:45,push
U0054,0,Balanced Learners 0,paid,D93,4,T0021,16:45,push,T0023,18:45,push,T0024,17:30,push,T0022,18:30,push,T0025,15:45,push
U0054,0,Balanced Learners 0,paid,D94,5,T0021,15:00,push,T0025,19:00,push,T0023,16:15,push,T0022,20:15,push,T0024,15:45,push
U0054,0,Balanced Learners 0,paid,D95,6,T0022,16:30,push,T0021,20:30,push,T0025,17:30,push,T0023,20:00,push,T0024,15:30,push
U0055,3,Independent Learners,inactive,D54,0,T0143,10:00,push,T0145,15:15,push,T0141,10:15,push,T0144,15:30,push,T0142,10:30,push
U0055,3,Independent Learners,inactive,D55,1,T0142,11:45,push,T0141,17:30,push,T0145,10:45,push,T0144,16:00,push,T0143,09:45,push
U0055,3,Independent Learners,inactive,D56,2,T0143,10:15,push,T0142,17:45,push,T0144,11:45,push,T0145,17:15,push,T0141,10:15,push
U0055,3,Independent Learners,inactive,D57,3,T0143,10:00,push,T0142,17:30,push,T0144,10:30,push,T0141,15:45,push,T0145,10:30,push
U0055,3,Independent Learners,inactive,D58,4,T0142,09:15,push,T0145,16:15,push,T0141,11:45,push,T0143,16:00,push,T0144,11:30,push
U0055,3,Independent Learners,inactive,D59,5,T0141,09:00,push,T0144,17:45,push,T0145,11:15,push,T0142,15:45,push,T0143,09:30,push
U0055,3,Independent Learners,inactive,D60,6,T0142,09:15,push,T0145,17:45,push,T0143,09:30,push,T0141,16:00,push,T0144,10:30,push
U0056,0,Balanced Learners 0,trial,D86,0,T0030,16:30,push,T0026,18:30,push,T0029,17:45,push,T0028,20:15,push,T0027,15:45,push
U0056,0,Balanced Learners 0,trial,D87,1,T0044,15:30,push,T0042,19:15,push,T0045,16:45,push,T0043,19:00,push,T0041,16:15,push
U0056,0,Balanced Learners 0,trial,D88,2,T0041,17:30,push,T0042,18:45,push,T0043,16:30,push,T0044,19:45,push,T0045,16:15,push
U0056,0,Balanced Learners 0,trial,D89,3,T0038,15:15,push,T0037,18:15,push,T0036,16:15,push,T0039,20:15,push,T0040,15:00,push
U0056,0,Balanced Learners 0,trial,D90,4,T0037,16:15,push,T0040,19:00,push,T0038,16:15,push,T0039,20:15,push,T0036,16:15,push
U0056,0,Balanced Learners 0,trial,D91,5,T0038,16:00,push,T0037,18:15,push,T0036,17:45,push,T0040,19:15,push,T0039,17:15,push
U0056,0,Balanced Learners 0,trial,D92,6,T0034,17:00,push,T0035,18:00,push,T0033,16:45,push,T0031,18:30,push,T0032,17:30,push
U0057,6,Social Competitors,trial,D38,0,T0296,10:30,push,T0299,06:15,push,T0297,09:45,push,T0298,07:00,push,T0300,11:30,push
U0057,6,Social Competitors,trial,D39,1,T0313,10:00,push,T0311,06:45,push,T0314,11:15,push,T0315,08:15,push,T0312,11:00,push
U0057,6,Social Competitors,trial,D40,2,T0313,09:00,push,T0312,06:30,push,T0314,11:45,push,T0311,07:30,push,T0315,10:15,push
U0057,6,Social Competitors,trial,D41,3,T0306,11:15,push,T0308,08:45,push,T0307,09:15,push,T0310,06:30,push,T0309,11:15,push
U0057,6,Social Competitors,trial,D42,4,T0309,09:30,push,T0306,07:45,push,T0307,11:00,push,T0308,06:15,push,T0310,11:45,push
U0057,6,Social Competitors,trial,D43,5,T0307,09:45,push,T0308,07:45,push,T0310,09:45,push,T0306,08:00,push,T0309,09:00,push
U0057,6,Social Competitors,trial,D44,6,T0303,10:15,push,T0304,08:00,push,T0302,10:45,push,T0305,06:00,push,T0301,11:00,push
U0058,1,Social Competitors 1,trial,D14,0,T0073,07:45,push,T0071,16:00,push,T0074,07:45,push,T0072,16:45,push,T0075,06:00,push
U0058,1,Social Competitors 1,trial,D15,1,T0087,08:30,push,T0090,17:15,push,T0086,08:45,push,T0089,17:15,push,T0088,07:15,push
U0058,1,Social Competitors 1,trial,D16,2,T0086,07:00,push,T0089,15:45,push,T0088,07:30,push,T0087,17:00,push,T0090,08:00,push
U0058,1,Social Competitors 1,trial,D17,3,T0084,07:30,push,T0081,17:45,push,T0082,06:00,push,T0085,17:15,push,T0083,08:00,push
U0058,1,Social Competitors 1,trial,D18,4,T0083,07:30,push,T0084,17:00,push,T0082,07:30,push,T0085,15:30,push,T0081,06:30,push
U0058,1,Social Competitors 1,trial,D19,5,T0081,07:45,push,T0082,17:30,push,T0084,08:15,push,T0083,15:30,push,T0085,08:00,push
U0058,1,Social Competitors 1,trial,D20,6,T0076,07:30,push,T0077,17:00,push,T0080,07:00,push,T0079,17:45,push,T0078,08:00,push
U0059,0,Balanced Learners 0,trial,D3,0,T0027,17:15,push,T0028,18:15,push,T0026,16:45,push,T0029,18:45,push,T0030,15:00,push
U0059,0,Balanced Learners 0,trial,D4,1,T0045,15:30,push,T0043,19:30,push,T0044,15:00,push,T0042,18:00,push,T0041,17:00,push
U0059,0,Balanced Learners 0,trial,D5,2,T0041,17:30,push,T0045,18:15,push,T0044,16:00,push,T0042,20:45,push,T0043,15:45,push
U0059,0,Balanced Learners 0,trial,D6,3,T0038,17:30,push,T0037,18:30,push,T0036,17:45,push,T0039,20:15,push,T0040,15:30,push
U0059,0,Balanced Learners 0,trial,D7,4,T0036,17:30,push,T0040,20:45,push,T0038,17:00,push,T0037,18:00,push,T0039,17:00,push
U0059,0,Balanced Learners 0,trial,D8,5,T0036,16:15,push,T0040,18:45,push,T0039,16:45,push,T0038,19:00,push,T0037,16:30,push
U0059,0,Balanced Learners 0,trial,D9,6,T0031,15:45,push,T0033,19:30,push,T0034,15:15,push,T0035,19:00,push,T0032,15:45,push
U0060,5,Social Competitors 5,trial,D85,0,T0252,14:45,push,T0251,20:45,push,T0254,14:15,push,T0253,19:30,push,T0255,12:45,push
U0060,5,Social Competitors 5,trial,D86,1,T0269,12:15,push,T0268,18:30,push,T0270,13:45,push,T0267,20:15,push,T0266,14:45,push
U0060,5,Social Competitors 5,trial,D87,2,T0267,13:15,push,T0270,18:30,push,T0266,12:45,push,T0269,20:00,push,T0268,12:15,push
U0060,5,Social Competitors 5,trial,D88,3,T0265,13:15,push,T0263,18:45,push,T0264,14:15,push,T0262,18:45,push,T0261,14:15,push
U0060,5,Social Competitors 5,trial,D89,4,T0264,14:15,push,T0265,20:30,push,T0262,13:45,push,T0263,18:15,push,T0261,14:15,push
U0060,5,Social Competitors 5,trial,D90,5,T0263,14:30,push,T0262,19:30,push,T0265,13:45,push,T0264,19:30,push,T0261,14:45,push
U0060,5,Social Competitors 5,trial,D91,6,T0258,14:00,push,T0259,19:30,push,T0257,14:30,push,T0260,20:15,push,T0256,13:15,push
U0061,4,Balanced Learners,trial,D24,0,T0207,18:15,push,T0208,13:00,push,T0210,19:15,push,T0209,14:45,push,T0206,18:15,push
U0061,4,Balanced Learners,trial,D25,1,T0222,18:30,push,T0225,12:45,push,T0224,18:15,push,T0221,13:15,push,T0223,20:45,push
U0061,4,Balanced Learners,trial,D26,2,T0223,18:00,push,T0222,14:30,push,T0221,18:30,push,T0224,13:45,push,T0225,18:00,push
U0061,4,Balanced Learners,trial,D27,3,T0217,18:00,push,T0219,13:30,push,T0216,19:30,push,T0218,14:15,push,T0220,19:00,push
U0061,4,Balanced Learners,trial,D28,4,T0216,18:00,push,T0219,12:15,push,T0218,20:45,push,T0217,12:00,push,T0220,20:00,push
U0061,4,Balanced Learners,trial,D29,5,T0218,19:00,push,T0217,13:00,push,T0216,19:45,push,T0219,14:45,push,T0220,18:30,push
U0061,4,Balanced Learners,trial,D30,6,T0211,18:15,push,T0212,13:45,push,T0215,18:15,push,T0214,12:15,push,T0213,20:30,push
U0062,3,Independent Learners,churned,D12,0,T0136,09:30,push,T0137,15:15,push,,,,,,,,,
U0062,3,Independent Learners,churned,D13,1,T0139,11:15,push,T0136,17:00,push,,,,,,,,,
U0062,3,Independent Learners,churned,D14,2,T0140,10:30,push,T0139,17:30,push,,,,,,,,,
U0062,3,Independent Learners,churned,D15,3,T0139,11:00,push,T0136,17:45,push,,,,,,,,,
U0062,3,Independent Learners,churned,D16,4,T0138,11:45,push,T0140,16:45,push,,,,,,,,,
U0062,3,Independent Learners,churned,D17,5,T0140,09:30,push,T0137,16:30,push,,,,,,,,,
U0062,3,Independent Learners,churned,D18,6,T0139,11:00,push,T0136,17:00,push,,,,,,,,,
U0063,1,Social Competitors 1,trial,D81,0,T0075,06:00,push,T0072,17:00,push,T0073,07:00,push,T0074,16:30,push,T0071,06:15,push
U0063,1,Social Competitors 1,trial,D82,1,T0087,08:30,push,T0086,15:15,push,T0089,08:30,push,T0088,15:15,push,T0090,07:45,push
U0063,1,Social Competitors 1,trial,D83,2,T0089,08:45,push,T0087,15:15,push,T0086,06:15,push,T0088,16:30,push,T0090,07:00,push
U0063,1,Social Competitors 1,trial,D84,3,T0082,07:00,push,T0084,15:00,push,T0085,06:00,push,T0081,17:45,push,T0083,07:00,push
U0063,1,Social Competitors 1,trial,D85,4,T0081,06:15,push,T0084,15:00,push,T0082,08:00,push,T0083,17:45,push,T0085,06:15,push
U0063,1,Social Competitors 1,trial,D86,5,T0084,07:30,push,T0085,17:00,push,T0082,08:45,push,T0081,17:00,push,T0083,08:45,push
U0063,1,Social Competitors 1,trial,D87,6,T0076,08:45,push,T0077,16:30,push,T0078,06:30,push,T0079,16:15,push,T0080,07:15,push
U0064,5,Social Competitors 5,trial,D32,0,T0255,12:45,push,T0252,20:30,push,T0253,14:30,push,T0251,18:15,push,T0254,14:45,push
U0064,5,Social Competitors 5,trial,D33,1,T0268,12:30,push,T0266,18:45,push,T0270,12:15,push,T0267,18:15,push,T0269,14:30,push
U0064,5,Social Competitors 5,trial,D34,2,T0270,13:00,push,T0269,18:45,push,T0266,14:15,push,T0267,19:45,push,T0268,12:00,push
U0064,5,Social Competitors 5,trial,D35,3,T0263,13:15,push,T0261,18:00,push,T0264,12:00,push,T0265,20:30,push,T0262,13:30,push
U0064,5,Social Competitors 5,trial,D36,4,T0263,12:45,push,T0265,18:45,push,T0264,14:30,push,T0262,19:45,push,T0261,12:00,push
U0064,5,Social Competitors 5,trial,D37,5,T0261,12:30,push,T0265,19:30,push,T0263,12:15,push,T0264,18:45,push,T0262,12:30,push
U0064,5,Social Competitors 5,trial,D38,6,T0258,13:30,push,T0257,20:30,push,T0260,12:30,push,T0259,18:00,push,T0256,13:30,push
U0065,0,Balanced Learners 0,paid,D15,0,T0023,17:00,push,T0025,20:45,push,T0022,17:30,push,T0021,20:45,push,T0024,17:45,push
U0065,0,Balanced Learners 0,paid,D16,1,T0022,17:00,push,T0023,19:15,push,T0021,17:15,push,T0025,19:45,push,T0024,17:15,push
U0065,0,Balanced Learners 0,paid,D17,2,T0023,17:30,push,T0022,18:45,push,T0021,16:15,push,T0024,18:00,push,T0025,17:30,push
U0065,0,Balanced Learners 0,paid,D18,3,T0023,15:00,push,T0025,18:30,push,T0024,17:15,push,T0021,19:45,push,T0022,16:15,push
U0065,0,Balanced Learners 0,paid,D19,4,T0025,17:15,push,T0023,19:15,push,T0022,16:45,push,T0021,20:00,push,T0024,16:00,push
U0065,0,Balanced Learners 0,paid,D20,5,T0022,16:30,push,T0024,19:30,push,T0025,16:00,push,T0021,18:15,push,T0023,15:30,push
U0065,0,Balanced Learners 0,paid,D21,6,T0023,16:45,push,T0024,19:15,push,T0022,16:15,push,T0025,19:30,push,T0021,16:45,push
U0066,4,Balanced Learners,trial,D41,0,T0206,19:00,push,T0208,12:15,push,T0207,18:30,push,T0210,13:15,push,T0209,18:30,push
U0066,4,Balanced Learners,trial,D42,1,T0223,18:30,push,T0222,12:15,push,T0225,19:00,push,T0221,12:45,push,T0224,18:15,push
U0066,4,Balanced Learners,trial,D43,2,T0221,20:00,push,T0225,12:45,push,T0222,19:30,push,T0224,13:30,push,T0223,18:00,push
U0066,4,Balanced Learners,trial,D44,3,T0216,18:15,push,T0220,14:30,push,T0218,19:00,push,T0219,13:00,push,T0217,19:30,push
U0066,4,Balanced Learners,trial,D45,4,T0218,18:00,push,T0216,13:00,push,T0219,19:00,push,T0220,14:00,push,T0217,18:45,push
U0066,4,Balanced Learners,trial,D46,5,T0220,19:30,push,T0218,13:45,push,T0217,20:45,push,T0216,13:45,push,T0219,18:30,push
U0066,4,Balanced Learners,trial,D47,6,T0213,18:00,push,T0211,14:30,push,T0212,20:30,push,T0214,14:15,push,T0215,19:15,push
U0067,1,Social Competitors 1,churned,D65,0,T0047,08:30,push,T0046,16:15,push,,,,,,,,,
U0067,1,Social Competitors 1,churned,D66,1,T0050,08:45,push,T0048,15:45,push,,,,,,,,,
U0067,1,Social Competitors 1,churned,D67,2,T0050,07:30,push,T0048,16:45,push,,,,,,,,,
U0067,1,Social Competitors 1,churned,D68,3,T0048,08:15,push,T0046,16:30,push,,,,,,,,,
U0067,1,Social Competitors 1,churned,D69,4,T0049,06:00,push,T0050,15:45,push,,,,,,,,,
U0067,1,Social Competitors 1,churned,D70,5,T0046,07:30,push,T0047,17:30,push,,,,,,,,,
U0067,1,Social Competitors 1,churned,D71,6,T0046,07:00,push,T0047,15:45,push,,,,,,,,,
U0068,5,Social Competitors 5,trial,D54,0,T0252,13:30,push,T0251,19:45,push,T0254,14:30,push,T0253,20:30,push,T0255,14:30,push
U0068,5,Social Competitors 5,trial,D55,1,T0266,14:45,push,T0269,20:30,push,T0267,14:45,push,T0268,19:15,push,T0270,13:45,push
U0068,5,Social Competitors 5,trial,D56,2,T0270,13:45,push,T0268,18:30,push,T0269,12:30,push,T0267,18:30,push,T0266,14:45,push
U0068,5,Social Competitors 5,trial,D57,3,T0261,14:15,push,T0264,18:00,push,T0263,12:15,push,T0262,19:15,push,T0265,13:30,push
U0068,5,Social Competitors 5,trial,D58,4,T0265,13:45,push,T0261,20:30,push,T0262,12:30,push,T0264,20:00,push,T0263,13:00,push
U0068,5,Social Competitors 5,trial,D59,5,T0262,13:00,push,T0264,19:30,push,T0261,14:00,push,T0263,20:15,push,T0265,13:30,push
U0068,5,Social Competitors 5,trial,D60,6,T0256,13:00,push,T0259,19:30,push,T0257,14:45,push,T0260,20:30,push,T0258,13:00,push
U0069,1,Social Competitors 1,inactive,D41,0,T0053,08:00,push,T0052,15:45,push,T0055,08:00,push,T0054,15:15,push,T0051,06:15,push
U0069,1,Social Competitors 1,inactive,D42,1,T0053,06:00,push,T0051,15:15,push,T0052,08:15,push,T0055,16:15,push,T0054,08:45,push
U0069,1,Social Competitors 1,inactive,D43,2,T0053,07:15,push,T0055,16:15,push,T0054,07:30,push,T0051,15:00,push,T0052,07:00,push
U0069,1,Social Competitors 1,inactive,D44,3,T0055,06:45,push,T0053,15:00,push,T0054,07:00,push,T0052,15:15,push,T0051,08:30,push
U0069,1,Social Competitors 1,inactive,D45,4,T0052,07:45,push,T0054,17:45,push,T0055,07:45,push,T0051,16:00,push,T0053,08:45,push
U0069,1,Social Competitors 1,inactive,D46,5,T0055,07:00,push,T0054,16:00,push,T0053,08:30,push,T0051,15:15,push,T0052,06:00,push
U0069,1,Social Competitors 1,inactive,D47,6,T0052,08:00,push,T0053,16:45,push,T0051,06:45,push,T0055,15:45,push,T0054,07:15,push
U0070,5,Social Competitors 5,churned,D33,0,T0227,13:30,push,T0230,20:15,push,,,,,,,,,
U0070,5,Social Competitors 5,churned,D34,1,T0227,14:30,push,T0226,19:45,push,,,,,,,,,
U0070,5,Social Competitors 5,churned,D35,2,T0229,13:15,push,T0226,20:00,push,,,,,,,,,
U0070,5,Social Competitors 5,churned,D36,3,T0228,12:45,push,T0230,20:15,push,,,,,,,,,
U0070,5,Social Competitors 5,churned,D37,4,T0229,13:30,push,T0228,18:45,push,,,,,,,,,
U0070,5,Social Competitors 5,churned,D38,5,T0230,13:15,push,T0229,19:45,push,,,,,,,,,
U0070,5,Social Competitors 5,churned,D39,6,T0227,13:45,push,T0228,20:00,push,,,,,,,,,
U0071,4,Balanced Learners,trial,D29,0,T0206,20:15,push,T0209,14:30,push,T0210,18:30,push,T0208,12:30,push,T0207,18:00,push
U0071,4,Balanced Learners,trial,D30,1,T0222,19:00,push,T0224,13:30,push,T0221,20:00,push,T0223,12:15,push,T0225,20:30,push
U0071,4,Balanced Learners,trial,D31,2,T0222,20:15,push,T0225,13:30,push,T0223,19:00,push,T0221,12:30,push,T0224,20:45,push
U0071,4,Balanced Learners,trial,D32,3,T0219,19:15,push,T0218,12:15,push,T0216,20:45,push,T0220,14:45,push,T0217,19:30,push
U0071,4,Balanced Learners,trial,D33,4,T0220,18:00,push,T0218,12:45,push,T0219,19:15,push,T0216,12:30,push,T0217,19:30,push
U0071,4,Balanced Learners,trial,D34,5,T0218,19:00,push,T0219,13:30,push,T0216,19:45,push,T0220,14:00,push,T0217,19:30,push
U0071,4,Balanced Learners,trial,D35,6,T0215,18:00,push,T0211,13:45,push,T0212,20:00,push,T0213,14:00,push,T0214,18:15,push
U0072,3,Independent Learners,trial,D12,0,T0161,09:45,push,T0163,17:30,push,T0164,10:30,push,T0165,15:15,push,T0162,11:00,push
U0072,3,Independent Learners,trial,D13,1,T0178,11:45,push,T0180,17:30,push,T0177,10:15,push,T0176,17:00,push,T0179,11:45,push
U0072,3,Independent Learners,trial,D14,2,T0180,10:00,push,T0178,17:15,push,T0179,11:00,push,T0177,15:30,push,T0176,10:15,push
U0072,3,Independent Learners,trial,D15,3,T0175,09:45,push,T0171,17:30,push,T0174,09:15,push,T0172,16:15,push,T0173,09:30,push
U0072,3,Independent Learners,trial,D16,4,T0173,09:15,push,T0171,17:30,push,T0175,09:30,push,T0174,16:00,push,T0172,10:30,push
U0072,3,Independent Learners,trial,D17,5,T0175,09:00,push,T0173,15:45,push,T0172,09:15,push,T0174,15:30,push,T0171,11:00,push
U0072,3,Independent Learners,trial,D18,6,T0168,09:15,push,T0170,15:45,push,T0167,10:30,push,T0169,17:00,push,T0166,10:45,push
U0073,3,Independent Learners,churned,D12,0,T0137,09:30,push,T0136,16:15,push,,,,,,,,,
U0073,3,Independent Learners,churned,D13,1,T0139,11:00,push,T0140,16:30,push,,,,,,,,,
U0073,3,Independent Learners,churned,D14,2,T0137,11:00,push,T0136,16:00,push,,,,,,,,,
U0073,3,Independent Learners,churned,D15,3,T0140,10:45,push,T0136,17:45,push,,,,,,,,,
U0073,3,Independent Learners,churned,D16,4,T0136,09:30,push,T0137,16:45,push,,,,,,,,,
U0073,3,Independent Learners,churned,D17,5,T0136,11:15,push,T0137,15:45,push,,,,,,,,,
U0073,3,Independent Learners,churned,D18,6,T0136,09:15,push,T0137,17:45,push,,,,,,,,,
U0074,0,Balanced Learners 0,paid,D17,0,T0025,17:30,push,T0023,19:00,push,T0021,16:00,push,T0024,20:00,push,T0022,16:30,push
U0074,0,Balanced Learners 0,paid,D18,1,T0024,16:00,push,T0023,19:45,push,T0025,15:45,push,T0022,18:45,push,T0021,15:00,push
U0074,0,Balanced Learners 0,paid,D19,2,T0023,16:00,push,T0025,20:45,push,T0024,17:15,push,T0021,20:15,push,T0022,15:00,push
U0074,0,Balanced Learners 0,paid,D20,3,T0023,17:00,push,T0021,19:15,push,T0025,16:45,push,T0022,20:00,push,T0024,15:00,push
U0074,0,Balanced Learners 0,paid,D21,4,T0024,16:30,push,T0021,20:45,push,T0023,17:45,push,T0025,20:00,push,T0022,15:30,push
U0074,0,Balanced Learners 0,paid,D22,5,T0022,15:15,push,T0025,19:45,push,T0021,15:45,push,T0024,20:00,push,T0023,15:30,push
U0074,0,Balanced Learners 0,paid,D23,6,T0023,15:00,push,T0024,20:15,push,T0025,17:00,push,T0021,20:45,push,T0022,15:00,push
U0075,5,Social Competitors 5,paid,D31,0,T0247,12:15,push,T0250,20:15,push,T0246,14:15,push,T0249,18:15,push,T0248,13:00,push
U0075,5,Social Competitors 5,paid,D32,1,T0249,13:30,push,T0248,18:15,push,T0250,12:15,push,T0246,19:00,push,T0247,12:00,push
U0075,5,Social Competitors 5,paid,D33,2,T0246,13:15,push,T0250,18:30,push,T0247,13:45,push,T0248,18:15,push,T0249,14:45,push
U0075,5,Social Competitors 5,paid,D34,3,T0249,12:00,push,T0247,18:30,push,T0250,12:30,push,T0248,18:00,push,T0246,12:15,push
U0075,5,Social Competitors 5,paid,D35,4,T0248,13:30,push,T0250,19:00,push,T0247,13:15,push,T0246,18:45,push,T0249,14:30,push
U0075,5,Social Competitors 5,paid,D36,5,T0247,13:15,push,T0248,20:45,push,T0246,14:45,push,T0249,18:45,push,T0250,13:15,push
U0075,5,Social Competitors 5,paid,D37,6,T0246,12:00,push,T0248,18:45,push,T0249,13:30,push,T0247,20:00,push,T0250,12:00,push
U0076,2,At-Risk Churners,churned,D38,0,T0093,14:15,push,T0091,19:45,push,T0092,13:45,push,,,,,,
U0076,2,At-Risk Churners,churned,D39,1,T0095,14:00,push,T0092,20:00,push,T0093,14:30,push,,,,,,
U0076,2,At-Risk Churners,churned,D40,2,T0093,12:45,push,T0091,20:45,push,T0092,14:15,push,,,,,,
U0076,2,At-Risk Churners,churned,D41,3,T0091,12:15,push,T0095,18:00,push,T0093,12:30,push,,,,,,
U0076,2,At-Risk Churners,churned,D42,4,T0092,13:45,push,T0095,19:30,push,T0094,14:00,push,,,,,,
U0076,2,At-Risk Churners,churned,D43,5,T0092,12:00,push,T0094,18:45,push,T0095,12:00,push,,,,,,
U0076,2,At-Risk Churners,churned,D44,6,T0094,14:00,push,T0091,19:15,push,T0092,13:30,push,,,,,,
U0077,4,Balanced Learners,trial,D45,0,T0206,18:15,push,T0207,12:45,push,T0210,20:00,push,T0208,14:30,push,T0209,20:15,push
U0077,4,Balanced Learners,trial,D46,1,T0221,20:00,push,T0223,13:45,push,T0225,19:15,push,T0224,14:30,push,T0222,20:30,push
U0077,4,Balanced Learners,trial,D47,2,T0223,20:00,push,T0224,14:15,push,T0222,19:00,push,T0225,12:15,push,T0221,18:30,push
U0077,4,Balanced Learners,trial,D48,3,T0216,19:15,push,T0220,14:45,push,T0217,18:15,push,T0218,13:45,push,T0219,19:30,push
U0077,4,Balanced Learners,trial,D49,4,T0219,18:45,push,T0217,12:15,push,T0218,20:30,push,T0216,13:30,push,T0220,18:45,push
U0077,4,Balanced Learners,trial,D50,5,T0218,18:45,push,T0220,14:15,push,T0216,20:00,push,T0217,14:15,push,T0219,18:30,push
U0077,4,Balanced Learners,trial,D51,6,T0214,18:15,push,T0215,12:15,push,T0211,20:00,push,T0213,12:15,push,T0212,20:30,push
U0078,3,Independent Learners,trial,D28,0,T0162,11:15,push,T0165,16:45,push,T0163,09:00,push,T0161,15:30,push,T0164,11:45,push
U0078,3,Independent Learners,trial,D29,1,T0179,11:30,push,T0177,17:15,push,T0180,11:15,push,T0178,16:15,push,T0176,11:15,push
U0078,3,Independent Learners,trial,D30,2,T0176,09:30,push,T0177,17:15,push,T0180,10:00,push,T0178,16:45,push,T0179,11:45,push
U0078,3,Independent Learners,trial,D31,3,T0175,11:45,push,T0171,17:45,push,T0174,10:00,push,T0172,16:45,push,T0173,11:45,push
U0078,3,Independent Learners,trial,D32,4,T0174,10:45,push,T0175,17:00,push,T0173,11:00,push,T0172,15:30,push,T0171,10:45,push
U0078,3,Independent Learners,trial,D33,5,T0172,09:45,push,T0173,16:15,push,T0171,11:30,push,T0174,16:45,push,T0175,10:15,push
U0078,3,Independent Learners,trial,D34,6,T0166,09:00,push,T0168,17:45,push,T0170,10:45,push,T0169,16:30,push,T0167,11:00,push
U0079,4,Balanced Learners,trial,D61,0,T0209,18:45,push,T0207,12:00,push,T0208,20:00,push,T0206,13:00,push,T0210,20:30,push
U0079,4,Balanced Learners,trial,D62,1,T0224,20:00,push,T0221,13:00,push,T0222,19:45,push,T0225,14:15,push,T0223,18:45,push
U0079,4,Balanced Learners,trial,D63,2,T0223,18:30,push,T0224,12:00,push,T0222,18:15,push,T0225,12:45,push,T0221,19:45,push
U0079,4,Balanced Learners,trial,D64,3,T0219,19:15,push,T0216,12:45,push,T0220,20:15,push,T0218,14:15,push,T0217,20:15,push
U0079,4,Balanced Learners,trial,D65,4,T0220,20:30,push,T0218,12:00,push,T0216,20:15,push,T0217,12:30,push,T0219,20:00,push
U0079,4,Balanced Learners,trial,D66,5,T0220,20:45,push,T0217,14:00,push,T0216,20:00,push,T0219,12:45,push,T0218,18:45,push
U0079,4,Balanced Learners,trial,D67,6,T0212,20:15,push,T0214,12:30,push,T0211,19:00,push,T0213,13:00,push,T0215,19:15,push
U0080,0,Balanced Learners 0,churned,D61,0,T0001,15:45,push,T0005,20:30,push,,,,,,,,,
U0080,0,Balanced Learners 0,churned,D62,1,T0001,16:00,push,T0002,20:00,push,,,,,,,,,
U0080,0,Balanced Learners 0,churned,D63,2,T0004,16:15,push,T0001,20:30,push,,,,,,,,,
U0080,0,Balanced Learners 0,churned,D64,3,T0004,16:45,push,T0003,18:30,push,,,,,,,,,
U0080,0,Balanced Learners 0,churned,D65,4,T0003,15:45,push,T0001,19:30,push,,,,,,,,,
U0080,0,Balanced Learners 0,churned,D66,5,T0005,16:30,push,T0004,19:45,push,,,,,,,,,
U0080,0,Balanced Learners 0,churned,D67,6,T0003,15:30,push,T0005,20:00,push,,,,,,,,,
U0081,4,Balanced Learners,paid,D56,0,T0201,20:00,push,T0202,14:15,push,T0204,18:15,push,T0203,14:00,push,T0205,20:30,push
U0081,4,Balanced Learners,paid,D57,1,T0204,19:15,push,T0203,12:45,push,T0202,18:45,push,T0205,13:00,push,T0201,18:15,push
U0081,4,Balanced Learners,paid,D58,2,T0201,19:45,push,T0204,13:00,push,T0205,19:15,push,T0203,12:30,push,T0202,20:15,push
U0081,4,Balanced Learners,paid,D59,3,T0201,19:30,push,T0203,14:30,push,T0202,19:45,push,T0205,14:15,push,T0204,20:15,push
U0081,4,Balanced Learners,paid,D60,4,T0202,20:00,push,T0201,12:00,push,T0203,20:30,push,T0204,14:15,push,T0205,20:30,push
U0081,4,Balanced Learners,paid,D61,5,T0205,19:15,push,T0202,14:45,push,T0203,19:30,push,T0201,14:15,push,T0204,20:15,push
U0081,4,Balanced Learners,paid,D62,6,T0202,20:00,push,T0203,13:00,push,T0204,20:15,push,T0201,12:00,push,T0205,18:15,push
U0082,5,Social Competitors 5,trial,D15,0,T0252,13:00,push,T0253,19:15,push,T0251,13:45,push,T0255,20:00,push,T0254,12:15,push
U0082,5,Social Competitors 5,trial,D16,1,T0270,12:00,push,T0268,19:00,push,T0267,14:00,push,T0266,19:45,push,T0269,13:45,push
U0082,5,Social Competitors 5,trial,D17,2,T0269,14:15,push,T0268,19:00,push,T0270,12:30,push,T0267,18:45,push,T0266,14:15,push
U0082,5,Social Competitors 5,trial,D18,3,T0265,13:00,push,T0261,19:45,push,T0264,14:00,push,T0263,19:00,push,T0262,13:30,push
U0082,5,Social Competitors 5,trial,D19,4,T0262,12:30,push,T0265,19:30,push,T0261,12:45,push,T0264,20:15,push,T0263,14:00,push
U0082,5,Social Competitors 5,trial,D20,5,T0264,12:45,push,T0265,18:15,push,T0263,14:30,push,T0262,20:30,push,T0261,14:00,push
U0082,5,Social Competitors 5,trial,D21,6,T0260,13:30,push,T0258,19:00,push,T0256,12:30,push,T0257,20:15,push,T0259,13:30,push
U0083,4,Balanced Learners,trial,D55,0,T0206,18:30,push,T0208,14:15,push,T0210,19:30,push,T0209,13:15,push,T0207,20:45,push
U0083,4,Balanced Learners,trial,D56,1,T0225,20:45,push,T0223,12:45,push,T0222,19:00,push,T0224,12:30,push,T0221,18:00,push
U0083,4,Balanced Learners,trial,D57,2,T0225,18:15,push,T0224,14:15,push,T0222,20:30,push,T0221,13:30,push,T0223,18:30,push
U0083,4,Balanced Learners,trial,D58,3,T0217,18:30,push,T0219,14:00,push,T0220,19:00,push,T0216,13:45,push,T0218,18:00,push
U0083,4,Balanced Learners,trial,D59,4,T0219,19:45,push,T0216,12:45,push,T0220,20:30,push,T0218,12:15,push,T0217,19:30,push
U0083,4,Balanced Learners,trial,D60,5,T0218,20:45,push,T0217,14:45,push,T0216,19:45,push,T0219,12:00,push,T0220,19:00,push
U0083,4,Balanced Learners,trial,D61,6,T0214,20:30,push,T0212,14:30,push,T0211,19:15,push,T0215,14:30,push,T0213,19:15,push
U0084,7,Casual Learners,trial,D9,0,T0343,10:00,push,T0345,20:15,push,T0344,10:15,push,T0341,18:30,push,T0342,09:45,push
U0084,7,Casual Learners,trial,D10,1,T0356,10:45,push,T0359,20:00,push,T0357,10:00,push,T0360,20:15,push,T0358,10:45,push
U0084,7,Casual Learners,trial,D11,2,T0359,09:15,push,T0356,18:00,push,T0358,10:15,push,T0357,18:45,push,T0360,10:15,push
U0084,7,Casual Learners,trial,D12,3,T0352,09:30,push,T0351,20:15,push,T0355,11:30,push,T0353,18:00,push,T0354,11:45,push
U0084,7,Casual Learners,trial,D13,4,T0353,10:30,push,T0354,19:00,push,T0352,09:15,push,T0355,19:45,push,T0351,11:45,push
U0084,7,Casual Learners,trial,D14,5,T0355,10:30,push,T0353,18:30,push,T0354,11:00,push,T0351,18:15,push,T0352,09:15,push
U0084,7,Casual Learners,trial,D15,6,T0350,11:45,push,T0348,18:30,push,T0346,09:00,push,T0347,18:45,push,T0349,10:30,push
U0085,0,Balanced Learners 0,trial,D29,0,T0029,15:30,push,T0028,18:15,push,T0026,15:30,push,T0030,18:15,push,T0027,15:15,push
U0085,0,Balanced Learners 0,trial,D30,1,T0043,17:30,push,T0041,19:15,push,T0044,17:15,push,T0042,18:45,push,T0045,16:45,push
U0085,0,Balanced Learners 0,trial,D31,2,T0041,15:30,push,T0045,20:00,push,T0044,16:45,push,T0042,20:15,push,T0043,17:45,push
U0085,0,Balanced Learners 0,trial,D32,3,T0038,16:00,push,T0037,20:30,push,T0039,15:45,push,T0040,19:30,push,T0036,15:45,push
U0085,0,Balanced Learners 0,trial,D33,4,T0037,15:30,push,T0036,20:45,push,T0040,15:30,push,T0039,18:15,push,T0038,16:15,push
U0085,0,Balanced Learners 0,trial,D34,5,T0036,16:00,push,T0037,18:45,push,T0038,17:15,push,T0040,20:45,push,T0039,16:30,push
U0085,0,Balanced Learners 0,trial,D35,6,T0032,15:15,push,T0034,19:30,push,T0031,15:45,push,T0033,18:15,push,T0035,16:45,push
U0086,0,Balanced Learners 0,paid,D24,0,T0024,17:30,push,T0022,20:15,push,T0025,15:45,push,T0021,19:15,push,T0023,16:45,push
U0086,0,Balanced Learners 0,paid,D25,1,T0021,16:30,push,T0023,20:15,push,T0022,15:45,push,T0024,18:15,push,T0025,17:30,push
U0086,0,Balanced Learners 0,paid,D26,2,T0022,16:45,push,T0023,20:45,push,T0025,17:15,push,T0021,20:00,push,T0024,17:30,push
U0086,0,Balanced Learners 0,paid,D27,3,T0021,15:15,push,T0022,19:30,push,T0024,16:45,push,T0023,19:45,push,T0025,15:45,push
U0086,0,Balanced Learners 0,paid,D28,4,T0025,17:45,push,T0022,18:15,push,T0024,16:00,push,T0023,18:15,push,T0021,15:15,push
U0086,0,Balanced Learners 0,paid,D29,5,T0025,15:15,push,T0024,20:45,push,T0023,15:45,push,T0022,19:00,push,T0021,15:45,push
U0086,0,Balanced Learners 0,paid,D30,6,T0023,15:15,push,T0021,20:15,push,T0022,15:45,push,T0024,18:00,push,T0025,15:00,push
U0087,0,Balanced Learners 0,paid,D83,0,T0025,16:00,push,T0024,20:30,push,T0023,17:45,push,T0022,19:15,push,T0021,15:00,push
U0087,0,Balanced Learners 0,paid,D84,1,T0025,17:45,push,T0024,18:15,push,T0021,16:00,push,T0023,18:30,push,T0022,17:15,push
U0087,0,Balanced Learners 0,paid,D85,2,T0021,17:45,push,T0023,18:30,push,T0024,16:45,push,T0025,20:00,push,T0022,15:30,push
U0087,0,Balanced Learners 0,paid,D86,3,T0023,15:45,push,T0021,19:45,push,T0024,16:00,push,T0025,19:00,push,T0022,17:30,push
U0087,0,Balanced Learners 0,paid,D87,4,T0022,17:45,push,T0025,20:00,push,T0024,16:30,push,T0021,19:15,push,T0023,16:30,push
U0087,0,Balanced Learners 0,paid,D88,5,T0025,15:45,push,T0022,20:45,push,T0024,15:45,push,T0021,20:30,push,T0023,17:30,push
U0087,0,Balanced Learners 0,paid,D89,6,T0023,15:45,push,T0024,19:00,push,T0021,16:00,push,T0025,20:45,push,T0022,16:00,push
U0088,0,Balanced Learners 0,churned,D4,0,T0002,16:15,push,T0003,20:30,push,,,,,,,,,
U0088,0,Balanced Learners 0,churned,D5,1,T0003,17:45,push,T0002,18:45,push,,,,,,,,,
U0088,0,Balanced Learners 0,churned,D6,2,T0004,16:30,push,T0002,20:00,push,,,,,,,,,
U0088,0,Balanced Learners 0,churned,D7,3,T0001,17:45,push,T0004,18:00,push,,,,,,,,,
U0088,0,Balanced Learners 0,churned,D8,4,T0005,17:15,push,T0003,19:30,push,,,,,,,,,
U0088,0,Balanced Learners 0,churned,D9,5,T0004,15:00,push,T0001,19:45,push,,,,,,,,,
U0088,0,Balanced Learners 0,churned,D10,6,T0002,16:00,push,T0004,20:15,push,,,,,,,,,
U0089,4,Balanced Learners,paid,D64,0,T0203,19:30,push,T0205,13:45,push,T0201,20:00,push,T0202,14:15,push,T0204,19:00,push
U0089,4,Balanced Learners,paid,D65,1,T0205,19:45,push,T0204,14:00,push,T0201,18:30,push,T0202,14:00,push,T0203,20:45,push
U0089,4,Balanced Learners,paid,D66,2,T0203,19:00,push,T0204,13:00,push,T0205,20:30,push,T0202,12:30,push,T0201,19:30,push
U0089,4,Balanced Learners,paid,D67,3,T0202,18:45,push,T0204,13:45,push,T0201,20:45,push,T0203,14:00,push,T0205,19:15,push
U0089,4,Balanced Learners,paid,D68,4,T0204,19:00,push,T0201,12:15,push,T0203,20:00,push,T0205,13:30,push,T0202,19:45,push
U0089,4,Balanced Learners,paid,D69,5,T0202,19:15,push,T0205,12:45,push,T0204,19:30,push,T0201,13:15,push,T0203,20:45,push
U0089,4,Balanced Learners,paid,D70,6,T0202,18:15,push,T0201,13:45,push,T0205,19:45,push,T0204,12:30,push,T0203,18:15,push
U0090,3,Independent Learners,trial,D48,0,T0163,09:15,push,T0165,15:30,push,T0162,10:45,push,T0161,17:00,push,T0164,11:15,push
U0090,3,Independent Learners,trial,D49,1,T0180,11:00,push,T0178,17:45,push,T0177,10:30,push,T0176,15:00,push,T0179,09:45,push
U0090,3,Independent Learners,trial,D50,2,T0179,11:15,push,T0176,17:45,push,T0178,09:00,push,T0180,17:45,push,T0177,09:45,push
U0090,3,Independent Learners,trial,D51,3,T0174,10:15,push,T0175,17:00,push,T0171,09:30,push,T0172,15:30,push,T0173,10:30,push
U0090,3,Independent Learners,trial,D52,4,T0172,11:30,push,T0174,16:45,push,T0173,10:30,push,T0175,16:30,push,T0171,11:15,push
U0090,3,Independent Learners,trial,D53,5,T0174,09:15,push,T0171,15:45,push,T0173,10:30,push,T0175,15:30,push,T0172,11:15,push
U0090,3,Independent Learners,trial,D54,6,T0167,10:15,push,T0168,15:15,push,T0170,10:45,push,T0169,15:45,push,T0166,11:45,push
U0091,0,Balanced Learners 0,paid,D2,0,T0025,16:00,push,T0023,18:00,push,T0024,16:00,push,T0021,18:45,push,,,
U0091,0,Balanced Learners 0,paid,D3,1,T0023,16:00,push,T0024,20:00,push,T0022,16:30,push,T0025,20:30,push,,,
U0091,0,Balanced Learners 0,paid,D4,2,T0025,16:45,push,T0023,20:45,push,T0022,17:45,push,T0021,18:15,push,,,
U0091,0,Balanced Learners 0,paid,D5,3,T0022,16:30,push,T0024,18:30,push,T0023,17:45,push,T0025,19:30,push,,,
U0091,0,Balanced Learners 0,paid,D6,4,T0021,16:00,push,T0023,19:45,push,T0024,16:30,push,T0022,18:00,push,,,
U0091,0,Balanced Learners 0,paid,D7,5,T0024,15:45,push,T0021,18:00,push,T0025,17:00,push,T0023,19:45,push,,,
U0091,0,Balanced Learners 0,paid,D8,6,T0022,15:00,push,T0021,19:00,push,T0025,17:15,push,T0024,18:45,push,,,
U0092,4,Balanced Learners,churned,D44,0,T0183,19:45,push,T0184,14:15,push,,,,,,,,,
U0092,4,Balanced Learners,churned,D45,1,T0183,19:00,push,T0182,14:45,push,,,,,,,,,
U0092,4,Balanced Learners,churned,D46,2,T0185,18:00,push,T0182,12:45,push,,,,,,,,,
U0092,4,Balanced Learners,churned,D47,3,T0182,20:45,push,T0184,14:15,push,,,,,,,,,
U0092,4,Balanced Learners,churned,D48,4,T0184,20:15,push,T0183,14:15,push,,,,,,,,,
U0092,4,Balanced Learners,churned,D49,5,T0185,19:30,push,T0184,13:30,push,,,,,,,,,
U0092,4,Balanced Learners,churned,D50,6,T0182,20:15,push,T0184,12:30,push,,,,,,,,,
U0093,1,Social Competitors 1,paid,D13,0,T0066,06:00,push,T0067,15:00,push,T0070,07:15,push,T0068,15:15,push,T0069,08:30,push
U0093,1,Social Competitors 1,paid,D14,1,T0068,08:15,push,T0066,16:15,push,T0067,06:45,push,T0070,16:00,push,T0069,06:15,push
U0093,1,Social Competitors 1,paid,D15,2,T0068,07:30,push,T0066,15:30,push,T0070,06:00,push,T0067,17:45,push,T0069,06:15,push
U0093,1,Social Competitors 1,paid,D16,3,T0067,06:45,push,T0066,15:15,push,T0069,07:15,push,T0070,15:00,push,T0068,08:30,push
U0093,1,Social Competitors 1,paid,D17,4,T0069,08:45,push,T0067,16:15,push,T0068,06:15,push,T0066,15:15,push,T0070,08:45,push
U0093,1,Social Competitors 1,paid,D18,5,T0069,07:30,push,T0070,16:30,push,T0067,07:00,push,T0066,17:15,push,T0068,07:45,push
U0093,1,Social Competitors 1,paid,D19,6,T0067,06:00,push,T0066,16:15,push,T0069,07:15,push,T0068,17:00,push,T0070,06:45,push
U0094,7,Casual Learners,churned,D29,0,T0318,10:30,push,T0317,19:45,push,,,,,,,,,
U0094,7,Casual Learners,churned,D30,1,T0316,10:45,push,T0317,19:45,push,,,,,,,,,
U0094,7,Casual Learners,churned,D31,2,T0317,10:45,push,T0316,18:15,push,,,,,,,,,
U0094,7,Casual Learners,churned,D32,3,T0316,10:45,push,T0317,20:45,push,,,,,,,,,
U0094,7,Casual Learners,churned,D33,4,T0317,11:15,push,T0319,20:30,push,,,,,,,,,
U0094,7,Casual Learners,churned,D34,5,T0319,11:30,push,T0320,20:15,push,,,,,,,,,
U0094,7,Casual Learners,churned,D35,6,T0320,10:30,push,T0319,20:15,push,,,,,,,,,
U0095,3,Independent Learners,paid,D67,0,T0158,09:00,push,T0156,15:30,push,T0157,10:30,push,T0159,15:00,push,T0160,09:15,push
U0095,3,Independent Learners,paid,D68,1,T0157,11:15,push,T0160,17:45,push,T0159,11:00,push,T0156,17:45,push,T0158,09:45,push
U0095,3,Independent Learners,paid,D69,2,T0159,09:45,push,T0160,16:45,push,T0157,09:45,push,T0156,15:15,push,T0158,11:15,push
U0095,3,Independent Learners,paid,D70,3,T0158,09:30,push,T0160,15:15,push,T0159,09:30,push,T0157,17:30,push,T0156,11:00,push
U0095,3,Independent Learners,paid,D71,4,T0157,10:00,push,T0158,17:30,push,T0160,09:15,push,T0156,16:30,push,T0159,11:00,push
U0095,3,Independent Learners,paid,D72,5,T0156,11:30,push,T0157,16:00,push,T0159,11:30,push,T0158,17:30,push,T0160,10:45,push
U0095,3,Independent Learners,paid,D73,6,T0160,11:00,push,T0159,16:45,push,T0158,10:30,push,T0156,15:30,push,T0157,11:00,push
U0096,7,Casual Learners,paid,D17,0,T0338,10:30,push,T0336,19:30,push,T0339,10:15,push,T0340,20:00,push,T0337,09:15,push
U0096,7,Casual Learners,paid,D18,1,T0339,09:30,push,T0337,19:00,push,T0336,09:15,push,T0340,18:45,push,T0338,11:45,push
U0096,7,Casual Learners,paid,D19,2,T0336,09:15,push,T0340,18:00,push,T0337,09:45,push,T0338,19:15,push,T0339,10:15,push
U0096,7,Casual Learners,paid,D20,3,T0336,11:15,push,T0339,19:15,push,T0337,09:00,push,T0340,18:00,push,T0338,11:00,push
U0096,7,Casual Learners,paid,D21,4,T0336,09:30,push,T0338,18:00,push,T0340,10:30,push,T0339,20:00,push,T0337,10:30,push
U0096,7,Casual Learners,paid,D22,5,T0339,09:15,push,T0338,18:00,push,T0337,11:00,push,T0340,20:15,push,T0336,09:45,push
U0096,7,Casual Learners,paid,D23,6,T0340,10:45,push,T0336,18:45,push,T0339,10:45,push,T0337,19:30,push,T0338,11:45,push
U0097,6,Social Competitors,paid,D61,0,T0293,11:30,push,T0292,07:15,push,T0294,09:45,push,T0295,06:00,push,T0291,11:15,push
U0097,6,Social Competitors,paid,D62,1,T0291,10:15,push,T0292,06:15,push,T0295,09:30,push,T0293,06:15,push,T0294,10:15,push
U0097,6,Social Competitors,paid,D63,2,T0291,11:30,push,T0294,07:00,push,T0292,11:00,push,T0293,07:45,push,T0295,09:30,push
U0097,6,Social Competitors,paid,D64,3,T0295,11:15,push,T0291,08:00,push,T0294,11:15,push,T0293,06:15,push,T0292,09:45,push
U0097,6,Social Competitors,paid,D65,4,T0294,10:00,push,T0295,06:45,push,T0291,09:30,push,T0293,08:30,push,T0292,09:15,push
U0097,6,Social Competitors,paid,D66,5,T0292,09:15,push,T0293,08:00,push,T0291,10:15,push,T0295,08:30,push,T0294,10:30,push
U0097,6,Social Competitors,paid,D67,6,T0291,10:15,push,T0294,07:15,push,T0293,10:45,push,T0295,06:15,push,T0292,09:30,push
U0098,4,Balanced Learners,trial,D36,0,T0206,19:15,push,T0209,12:00,push,T0208,20:45,push,T0207,13:00,push,T0210,20:15,push
U0098,4,Balanced Learners,trial,D37,1,T0223,20:45,push,T0225,13:15,push,T0224,20:00,push,T0222,14:00,push,T0221,18:45,push
U0098,4,Balanced Learners,trial,D38,2,T0223,19:30,push,T0225,14:30,push,T0221,18:00,push,T0222,12:00,push,T0224,19:45,push
U0098,4,Balanced Learners,trial,D39,3,T0219,18:15,push,T0218,12:30,push,T0216,19:00,push,T0217,12:15,push,T0220,20:30,push
U0098,4,Balanced Learners,trial,D40,4,T0219,20:15,push,T0216,13:00,push,T0220,18:15,push,T0217,14:00,push,T0218,18:30,push
U0098,4,Balanced Learners,trial,D41,5,T0216,19:15,push,T0217,14:30,push,T0220,19:30,push,T0218,12:30,push,T0219,20:00,push
U0098,4,Balanced Learners,trial,D42,6,T0214,19:15,push,T0212,14:30,push,T0215,19:45,push,T0213,12:45,push,T0211,20:45,push
U0099,1,Social Competitors 1,trial,D24,0,T0071,08:00,push,T0075,17:15,push,T0074,08:45,push,T0073,17:15,push,T0072,08:15,push
U0099,1,Social Competitors 1,trial,D25,1,T0090,07:30,push,T0086,16:45,push,T0087,07:15,push,T0088,17:30,push,T0089,06:00,push
U0099,1,Social Competitors 1,trial,D26,2,T0090,07:15,push,T0086,15:45,push,T0088,07:30,push,T0089,16:00,push,T0087,06:45,push
U0099,1,Social Competitors 1,trial,D27,3,T0083,07:00,push,T0082,15:15,push,T0081,08:15,push,T0085,15:00,push,T0084,07:45,push
U0099,1,Social Competitors 1,trial,D28,4,T0084,08:00,push,T0085,15:00,push,T0081,06:00,push,T0083,17:15,push,T0082,08:30,push
U0099,1,Social Competitors 1,trial,D29,5,T0081,07:30,push,T0083,16:45,push,T0084,06:30,push,T0085,16:30,push,T0082,08:45,push
U0099,1,Social Competitors 1,trial,D30,6,T0077,08:00,push,T0076,17:15,push,T0080,08:30,push,T0078,17:00,push,T0079,06:30,push
